job_id,phase,model,dataset,seed,artifact_dir,scored_dir,has_checkpoint,has_predictions,has_scored
p1-sciplex-primary-cytobridge_01-seed42,P1,cytobridge,sciplex_drug_disjoint_v2,42.0,/root/autodl-tmp/0accept_revision/experiments/runs/p1-sciplex-primary-cytobridge_01-seed42/artifact,/root/autodl-tmp/0accept_revision/experiments/runs/p1-sciplex-primary-cytobridge_01-seed42/scored,False,True,True
p1-sciplex-primary-cytobridge_02-seed42,P1,cytobridge,sciplex_drug_disjoint_v2,42.0,/root/autodl-tmp/0accept_revision/experiments/runs/p1-sciplex-primary-cytobridge_02-seed42/artifact,/root/autodl-tmp/0accept_revision/experiments/runs/p1-sciplex-primary-cytobridge_02-seed42/scored,False,True,True
p1-sciplex-primary-cytobridge_03-seed42,P1,cytobridge,sciplex_drug_disjoint_v2,42.0,/root/autodl-tmp/0accept_revision/experiments/runs/p1-sciplex-primary-cytobridge_03-seed42/artifact,/root/autodl-tmp/0accept_revision/experiments/runs/p1-sciplex-primary-cytobridge_03-seed42/scored,False,True,True
p1-sciplex-primary-cytobridge_04-seed42,P1,cytobridge,sciplex_drug_disjoint_v2,42.0,/root/autodl-tmp/0accept_revision/experiments/runs/p1-sciplex-primary-cytobridge_04-seed42/artifact,/root/autodl-tmp/0accept_revision/experiments/runs/p1-sciplex-primary-cytobridge_04-seed42/scored,False,True,True
p1-sciplex-primary-cytobridge_05-seed42,P1,cytobridge,sciplex_drug_disjoint_v2,42.0,/root/autodl-tmp/0accept_revision/experiments/runs/p1-sciplex-primary-cytobridge_05-seed42/artifact,/root/autodl-tmp/0accept_revision/experiments/runs/p1-sciplex-primary-cytobridge_05-seed42/scored,False,True,True
p1-sciplex-primary-cytobridge_06-seed42,P1,cytobridge,sciplex_drug_disjoint_v2,42.0,/root/autodl-tmp/0accept_revision/experiments/runs/p1-sciplex-primary-cytobridge_06-seed42/artifact,/root/autodl-tmp/0accept_revision/experiments/runs/p1-sciplex-primary-cytobridge_06-seed42/scored,False,True,True
p1-sciplex-primary-cytobridge_07-seed42,P1,cytobridge,sciplex_drug_disjoint_v2,42.0,/root/autodl-tmp/0accept_revision/experiments/runs/p1-sciplex-primary-cytobridge_07-seed42/artifact,/root/autodl-tmp/0accept_revision/experiments/runs/p1-sciplex-primary-cytobridge_07-seed42/scored,False,True,True
p1-sciplex-primary-cytobridge_08-seed42,P1,cytobridge,sciplex_drug_disjoint_v2,42.0,/root/autodl-tmp/0accept_revision/experiments/runs/p1-sciplex-primary-cytobridge_08-seed42/artifact,/root/autodl-tmp/0accept_revision/experiments/runs/p1-sciplex-primary-cytobridge_08-seed42/scored,False,True,True
p1-sciplex-primary-cytobridge_09-seed42,P1,cytobridge,sciplex_drug_disjoint_v2,42.0,/root/autodl-tmp/0accept_revision/experiments/runs/p1-sciplex-primary-cytobridge_09-seed42/artifact,/root/autodl-tmp/0accept_revision/experiments/runs/p1-sciplex-primary-cytobridge_09-seed42/scored,False,True,True
p1-sciplex-primary-cytobridge_10-seed42,P1,cytobridge,sciplex_drug_disjoint_v2,42.0,/root/autodl-tmp/0accept_revision/experiments/runs/p1-sciplex-primary-cytobridge_10-seed42/artifact,/root/autodl-tmp/0accept_revision/experiments/runs/p1-sciplex-primary-cytobridge_10-seed42/scored,False,True,True
p1-sciplex-primary-cytobridge_11-seed42,P1,cytobridge,sciplex_drug_disjoint_v2,42.0,/root/autodl-tmp/0accept_revision/experiments/runs/p1-sciplex-primary-cytobridge_11-seed42/artifact,/root/autodl-tmp/0accept_revision/experiments/runs/p1-sciplex-primary-cytobridge_11-seed42/scored,False,True,True
p1-sciplex-primary-cytobridge_12-seed42,P1,cytobridge,sciplex_drug_disjoint_v2,42.0,/root/autodl-tmp/0accept_revision/experiments/runs/p1-sciplex-primary-cytobridge_12-seed42/artifact,/root/autodl-tmp/0accept_revision/experiments/runs/p1-sciplex-primary-cytobridge_12-seed42/scored,False,True,True
p1-sciplex-primary-chemcpa_01-seed42,P1,chemcpa,sciplex_drug_disjoint_v2,42.0,/root/autodl-tmp/0accept_revision/experiments/runs/p1-sciplex-primary-chemcpa_01-seed42/artifact,/root/autodl-tmp/0accept_revision/experiments/runs/p1-sciplex-primary-chemcpa_01-seed42/scored,False,True,True
p1-sciplex-primary-chemcpa_02-seed42,P1,chemcpa,sciplex_drug_disjoint_v2,42.0,/root/autodl-tmp/0accept_revision/experiments/runs/p1-sciplex-primary-chemcpa_02-seed42/artifact,/root/autodl-tmp/0accept_revision/experiments/runs/p1-sciplex-primary-chemcpa_02-seed42/scored,False,True,True
p1-sciplex-primary-chemcpa_03-seed42,P1,chemcpa,sciplex_drug_disjoint_v2,42.0,/root/autodl-tmp/0accept_revision/experiments/runs/p1-sciplex-primary-chemcpa_03-seed42/artifact,/root/autodl-tmp/0accept_revision/experiments/runs/p1-sciplex-primary-chemcpa_03-seed42/scored,False,True,True
p1-sciplex-primary-chemcpa_04-seed42,P1,chemcpa,sciplex_drug_disjoint_v2,42.0,/root/autodl-tmp/0accept_revision/experiments/runs/p1-sciplex-primary-chemcpa_04-seed42/artifact,/root/autodl-tmp/0accept_revision/experiments/runs/p1-sciplex-primary-chemcpa_04-seed42/scored,False,True,True
p1-sciplex-primary-chemcpa_05-seed42,P1,chemcpa,sciplex_drug_disjoint_v2,42.0,/root/autodl-tmp/0accept_revision/experiments/runs/p1-sciplex-primary-chemcpa_05-seed42/artifact,/root/autodl-tmp/0accept_revision/experiments/runs/p1-sciplex-primary-chemcpa_05-seed42/scored,False,True,True
p1-sciplex-primary-chemcpa_06-seed42,P1,chemcpa,sciplex_drug_disjoint_v2,42.0,/root/autodl-tmp/0accept_revision/experiments/runs/p1-sciplex-primary-chemcpa_06-seed42/artifact,/root/autodl-tmp/0accept_revision/experiments/runs/p1-sciplex-primary-chemcpa_06-seed42/scored,False,True,True
p1-sciplex-primary-biolord_01-seed42,P1,biolord,sciplex_drug_disjoint_v2,42.0,/root/autodl-tmp/0accept_revision/experiments/runs/p1-sciplex-primary-biolord_01-seed42/artifact,/root/autodl-tmp/0accept_revision/experiments/runs/p1-sciplex-primary-biolord_01-seed42/scored,False,True,True
p1-sciplex-primary-biolord_02-seed42,P1,biolord,sciplex_drug_disjoint_v2,42.0,/root/autodl-tmp/0accept_revision/experiments/runs/p1-sciplex-primary-biolord_02-seed42/artifact,/root/autodl-tmp/0accept_revision/experiments/runs/p1-sciplex-primary-biolord_02-seed42/scored,False,True,True
p1-sciplex-primary-biolord_03-seed42,P1,biolord,sciplex_drug_disjoint_v2,42.0,/root/autodl-tmp/0accept_revision/experiments/runs/p1-sciplex-primary-biolord_03-seed42/artifact,/root/autodl-tmp/0accept_revision/experiments/runs/p1-sciplex-primary-biolord_03-seed42/scored,False,True,True
p1-sciplex-primary-biolord_04-seed42,P1,biolord,sciplex_drug_disjoint_v2,42.0,/root/autodl-tmp/0accept_revision/experiments/runs/p1-sciplex-primary-biolord_04-seed42/artifact,/root/autodl-tmp/0accept_revision/experiments/runs/p1-sciplex-primary-biolord_04-seed42/scored,False,True,True
p1-sciplex-primary-biolord_05-seed42,P1,biolord,sciplex_drug_disjoint_v2,42.0,/root/autodl-tmp/0accept_revision/experiments/runs/p1-sciplex-primary-biolord_05-seed42/artifact,/root/autodl-tmp/0accept_revision/experiments/runs/p1-sciplex-primary-biolord_05-seed42/scored,False,True,True
p1-sciplex-primary-biolord_06-seed42,P1,biolord,sciplex_drug_disjoint_v2,42.0,/root/autodl-tmp/0accept_revision/experiments/runs/p1-sciplex-primary-biolord_06-seed42/artifact,/root/autodl-tmp/0accept_revision/experiments/runs/p1-sciplex-primary-biolord_06-seed42/scored,False,True,True
p1-sciplex-primary-ridge-grid,P1,ridge,sciplex_drug_disjoint_v2,,/root/autodl-tmp/0accept_revision/experiments/runs/p1-sciplex-primary-ridge-grid/artifact,/root/autodl-tmp/0accept_revision/experiments/runs/p1-sciplex-primary-ridge-grid/scored,False,True,True
p2-sciplex-primary-cytobridge_full-seed11,P2,cytobridge_full,sciplex_drug_disjoint_v2,11.0,/root/autodl-tmp/0accept_revision/experiments/runs/p2-sciplex-primary-cytobridge_full-seed11/artifact,/root/autodl-tmp/0accept_revision/experiments/runs/p2-sciplex-primary-cytobridge_full-seed11/scored,True,True,True
p2-sciplex-primary-cytobridge_full-seed23,P2,cytobridge_full,sciplex_drug_disjoint_v2,23.0,/root/autodl-tmp/0accept_revision/experiments/runs/p2-sciplex-primary-cytobridge_full-seed23/artifact,/root/autodl-tmp/0accept_revision/experiments/runs/p2-sciplex-primary-cytobridge_full-seed23/scored,True,True,True
p2-sciplex-primary-cytobridge_full-seed42,P2,cytobridge_full,sciplex_drug_disjoint_v2,42.0,/root/autodl-tmp/0accept_revision/experiments/runs/p2-sciplex-primary-cytobridge_full-seed42/artifact,/root/autodl-tmp/0accept_revision/experiments/runs/p2-sciplex-primary-cytobridge_full-seed42/scored,True,True,True
p2-sciplex-primary-cytobridge_full-seed67,P2,cytobridge_full,sciplex_drug_disjoint_v2,67.0,/root/autodl-tmp/0accept_revision/experiments/runs/p2-sciplex-primary-cytobridge_full-seed67/artifact,/root/autodl-tmp/0accept_revision/experiments/runs/p2-sciplex-primary-cytobridge_full-seed67/scored,True,True,True
p2-sciplex-primary-cytobridge_full-seed101,P2,cytobridge_full,sciplex_drug_disjoint_v2,101.0,/root/autodl-tmp/0accept_revision/experiments/runs/p2-sciplex-primary-cytobridge_full-seed101/artifact,/root/autodl-tmp/0accept_revision/experiments/runs/p2-sciplex-primary-cytobridge_full-seed101/scored,True,True,True
p2-sciplex-primary-cytobridge_reconstruction_free-seed11,P2,cytobridge_reconstruction_free,sciplex_drug_disjoint_v2,11.0,/root/autodl-tmp/0accept_revision/experiments/runs/p2-sciplex-primary-cytobridge_reconstruction_free-seed11/artifact,/root/autodl-tmp/0accept_revision/experiments/runs/p2-sciplex-primary-cytobridge_reconstruction_free-seed11/scored,True,True,True
p2-sciplex-primary-cytobridge_reconstruction_free-seed23,P2,cytobridge_reconstruction_free,sciplex_drug_disjoint_v2,23.0,/root/autodl-tmp/0accept_revision/experiments/runs/p2-sciplex-primary-cytobridge_reconstruction_free-seed23/artifact,/root/autodl-tmp/0accept_revision/experiments/runs/p2-sciplex-primary-cytobridge_reconstruction_free-seed23/scored,True,True,True
p2-sciplex-primary-cytobridge_reconstruction_free-seed42,P2,cytobridge_reconstruction_free,sciplex_drug_disjoint_v2,42.0,/root/autodl-tmp/0accept_revision/experiments/runs/p2-sciplex-primary-cytobridge_reconstruction_free-seed42/artifact,/root/autodl-tmp/0accept_revision/experiments/runs/p2-sciplex-primary-cytobridge_reconstruction_free-seed42/scored,True,True,True
p2-sciplex-primary-cytobridge_reconstruction_free-seed67,P2,cytobridge_reconstruction_free,sciplex_drug_disjoint_v2,67.0,/root/autodl-tmp/0accept_revision/experiments/runs/p2-sciplex-primary-cytobridge_reconstruction_free-seed67/artifact,/root/autodl-tmp/0accept_revision/experiments/runs/p2-sciplex-primary-cytobridge_reconstruction_free-seed67/scored,True,True,True
p2-sciplex-primary-cytobridge_reconstruction_free-seed101,P2,cytobridge_reconstruction_free,sciplex_drug_disjoint_v2,101.0,/root/autodl-tmp/0accept_revision/experiments/runs/p2-sciplex-primary-cytobridge_reconstruction_free-seed101/artifact,/root/autodl-tmp/0accept_revision/experiments/runs/p2-sciplex-primary-cytobridge_reconstruction_free-seed101/scored,True,True,True
p2-sciplex-primary-cytobridge_normalized_reconstruction-seed11,P2,cytobridge_normalized_reconstruction,sciplex_drug_disjoint_v2,11.0,/root/autodl-tmp/0accept_revision/experiments/runs/p2-sciplex-primary-cytobridge_normalized_reconstruction-seed11/artifact,/root/autodl-tmp/0accept_revision/experiments/runs/p2-sciplex-primary-cytobridge_normalized_reconstruction-seed11/scored,True,True,True
p2-sciplex-primary-cytobridge_normalized_reconstruction-seed23,P2,cytobridge_normalized_reconstruction,sciplex_drug_disjoint_v2,23.0,/root/autodl-tmp/0accept_revision/experiments/runs/p2-sciplex-primary-cytobridge_normalized_reconstruction-seed23/artifact,/root/autodl-tmp/0accept_revision/experiments/runs/p2-sciplex-primary-cytobridge_normalized_reconstruction-seed23/scored,True,True,True
p2-sciplex-primary-cytobridge_normalized_reconstruction-seed42,P2,cytobridge_normalized_reconstruction,sciplex_drug_disjoint_v2,42.0,/root/autodl-tmp/0accept_revision/experiments/runs/p2-sciplex-primary-cytobridge_normalized_reconstruction-seed42/artifact,/root/autodl-tmp/0accept_revision/experiments/runs/p2-sciplex-primary-cytobridge_normalized_reconstruction-seed42/scored,True,True,True
p2-sciplex-primary-cytobridge_normalized_reconstruction-seed67,P2,cytobridge_normalized_reconstruction,sciplex_drug_disjoint_v2,67.0,/root/autodl-tmp/0accept_revision/experiments/runs/p2-sciplex-primary-cytobridge_normalized_reconstruction-seed67/artifact,/root/autodl-tmp/0accept_revision/experiments/runs/p2-sciplex-primary-cytobridge_normalized_reconstruction-seed67/scored,True,True,True
p2-sciplex-primary-cytobridge_normalized_reconstruction-seed101,P2,cytobridge_normalized_reconstruction,sciplex_drug_disjoint_v2,101.0,/root/autodl-tmp/0accept_revision/experiments/runs/p2-sciplex-primary-cytobridge_normalized_reconstruction-seed101/artifact,/root/autodl-tmp/0accept_revision/experiments/runs/p2-sciplex-primary-cytobridge_normalized_reconstruction-seed101/scored,True,True,True
p2-sciplex-primary-cytobridge_no_pathway_gate-seed11,P2,cytobridge_no_pathway_gate,sciplex_drug_disjoint_v2,11.0,/root/autodl-tmp/0accept_revision/experiments/runs/p2-sciplex-primary-cytobridge_no_pathway_gate-seed11/artifact,/root/autodl-tmp/0accept_revision/experiments/runs/p2-sciplex-primary-cytobridge_no_pathway_gate-seed11/scored,True,True,True
p2-sciplex-primary-cytobridge_no_pathway_gate-seed23,P2,cytobridge_no_pathway_gate,sciplex_drug_disjoint_v2,23.0,/root/autodl-tmp/0accept_revision/experiments/runs/p2-sciplex-primary-cytobridge_no_pathway_gate-seed23/artifact,/root/autodl-tmp/0accept_revision/experiments/runs/p2-sciplex-primary-cytobridge_no_pathway_gate-seed23/scored,True,True,True
p2-sciplex-primary-cytobridge_no_pathway_gate-seed42,P2,cytobridge_no_pathway_gate,sciplex_drug_disjoint_v2,42.0,/root/autodl-tmp/0accept_revision/experiments/runs/p2-sciplex-primary-cytobridge_no_pathway_gate-seed42/artifact,/root/autodl-tmp/0accept_revision/experiments/runs/p2-sciplex-primary-cytobridge_no_pathway_gate-seed42/scored,True,True,True
p2-sciplex-primary-cytobridge_no_pathway_gate-seed67,P2,cytobridge_no_pathway_gate,sciplex_drug_disjoint_v2,67.0,/root/autodl-tmp/0accept_revision/experiments/runs/p2-sciplex-primary-cytobridge_no_pathway_gate-seed67/artifact,/root/autodl-tmp/0accept_revision/experiments/runs/p2-sciplex-primary-cytobridge_no_pathway_gate-seed67/scored,True,True,True
p2-sciplex-primary-cytobridge_no_pathway_gate-seed101,P2,cytobridge_no_pathway_gate,sciplex_drug_disjoint_v2,101.0,/root/autodl-tmp/0accept_revision/experiments/runs/p2-sciplex-primary-cytobridge_no_pathway_gate-seed101/artifact,/root/autodl-tmp/0accept_revision/experiments/runs/p2-sciplex-primary-cytobridge_no_pathway_gate-seed101/scored,True,True,True
p2-sciplex-primary-cytobridge_drug_blind-seed11,P2,cytobridge_drug_blind,sciplex_drug_disjoint_v2,11.0,/root/autodl-tmp/0accept_revision/experiments/runs/p2-sciplex-primary-cytobridge_drug_blind-seed11/artifact,/root/autodl-tmp/0accept_revision/experiments/runs/p2-sciplex-primary-cytobridge_drug_blind-seed11/scored,True,True,True
p2-sciplex-primary-cytobridge_drug_blind-seed23,P2,cytobridge_drug_blind,sciplex_drug_disjoint_v2,23.0,/root/autodl-tmp/0accept_revision/experiments/runs/p2-sciplex-primary-cytobridge_drug_blind-seed23/artifact,/root/autodl-tmp/0accept_revision/experiments/runs/p2-sciplex-primary-cytobridge_drug_blind-seed23/scored,True,True,True
p2-sciplex-primary-cytobridge_drug_blind-seed42,P2,cytobridge_drug_blind,sciplex_drug_disjoint_v2,42.0,/root/autodl-tmp/0accept_revision/experiments/runs/p2-sciplex-primary-cytobridge_drug_blind-seed42/artifact,/root/autodl-tmp/0accept_revision/experiments/runs/p2-sciplex-primary-cytobridge_drug_blind-seed42/scored,True,True,True
p2-sciplex-primary-cytobridge_drug_blind-seed67,P2,cytobridge_drug_blind,sciplex_drug_disjoint_v2,67.0,/root/autodl-tmp/0accept_revision/experiments/runs/p2-sciplex-primary-cytobridge_drug_blind-seed67/artifact,/root/autodl-tmp/0accept_revision/experiments/runs/p2-sciplex-primary-cytobridge_drug_blind-seed67/scored,True,True,True
p2-sciplex-primary-cytobridge_drug_blind-seed101,P2,cytobridge_drug_blind,sciplex_drug_disjoint_v2,101.0,/root/autodl-tmp/0accept_revision/experiments/runs/p2-sciplex-primary-cytobridge_drug_blind-seed101/artifact,/root/autodl-tmp/0accept_revision/experiments/runs/p2-sciplex-primary-cytobridge_drug_blind-seed101/scored,True,True,True
p2-sciplex-primary-chemcpa-seed11,P2,chemcpa,sciplex_drug_disjoint_v2,11.0,/root/autodl-tmp/0accept_revision/experiments/runs/p2-sciplex-primary-chemcpa-seed11/artifact,/root/autodl-tmp/0accept_revision/experiments/runs/p2-sciplex-primary-chemcpa-seed11/scored,False,True,True
p2-sciplex-primary-chemcpa-seed23,P2,chemcpa,sciplex_drug_disjoint_v2,23.0,/root/autodl-tmp/0accept_revision/experiments/runs/p2-sciplex-primary-chemcpa-seed23/artifact,/root/autodl-tmp/0accept_revision/experiments/runs/p2-sciplex-primary-chemcpa-seed23/scored,False,True,True
p2-sciplex-primary-chemcpa-seed42,P2,chemcpa,sciplex_drug_disjoint_v2,42.0,/root/autodl-tmp/0accept_revision/experiments/runs/p2-sciplex-primary-chemcpa-seed42/artifact,/root/autodl-tmp/0accept_revision/experiments/runs/p2-sciplex-primary-chemcpa-seed42/scored,False,True,True
p2-sciplex-primary-chemcpa-seed67,P2,chemcpa,sciplex_drug_disjoint_v2,67.0,/root/autodl-tmp/0accept_revision/experiments/runs/p2-sciplex-primary-chemcpa-seed67/artifact,/root/autodl-tmp/0accept_revision/experiments/runs/p2-sciplex-primary-chemcpa-seed67/scored,False,True,True
p2-sciplex-primary-chemcpa-seed101,P2,chemcpa,sciplex_drug_disjoint_v2,101.0,/root/autodl-tmp/0accept_revision/experiments/runs/p2-sciplex-primary-chemcpa-seed101/artifact,/root/autodl-tmp/0accept_revision/experiments/runs/p2-sciplex-primary-chemcpa-seed101/scored,False,True,True
p2-sciplex-primary-biolord-seed11,P2,biolord,sciplex_drug_disjoint_v2,11.0,/root/autodl-tmp/0accept_revision/experiments/runs/p2-sciplex-primary-biolord-seed11/artifact,/root/autodl-tmp/0accept_revision/experiments/runs/p2-sciplex-primary-biolord-seed11/scored,False,True,True
p2-sciplex-primary-biolord-seed23,P2,biolord,sciplex_drug_disjoint_v2,23.0,/root/autodl-tmp/0accept_revision/experiments/runs/p2-sciplex-primary-biolord-seed23/artifact,/root/autodl-tmp/0accept_revision/experiments/runs/p2-sciplex-primary-biolord-seed23/scored,False,True,True
p2-sciplex-primary-biolord-seed42,P2,biolord,sciplex_drug_disjoint_v2,42.0,/root/autodl-tmp/0accept_revision/experiments/runs/p2-sciplex-primary-biolord-seed42/artifact,/root/autodl-tmp/0accept_revision/experiments/runs/p2-sciplex-primary-biolord-seed42/scored,False,True,True
p2-sciplex-primary-biolord-seed67,P2,biolord,sciplex_drug_disjoint_v2,67.0,/root/autodl-tmp/0accept_revision/experiments/runs/p2-sciplex-primary-biolord-seed67/artifact,/root/autodl-tmp/0accept_revision/experiments/runs/p2-sciplex-primary-biolord-seed67/scored,False,True,True
p2-sciplex-primary-biolord-seed101,P2,biolord,sciplex_drug_disjoint_v2,101.0,/root/autodl-tmp/0accept_revision/experiments/runs/p2-sciplex-primary-biolord-seed101/artifact,/root/autodl-tmp/0accept_revision/experiments/runs/p2-sciplex-primary-biolord-seed101/scored,False,True,True
p2-sciplex-primary-random-seed11,P2,random,sciplex_drug_disjoint_v2,11.0,/root/autodl-tmp/0accept_revision/experiments/runs/p2-sciplex-primary-random-seed11/artifact,/root/autodl-tmp/0accept_revision/experiments/runs/p2-sciplex-primary-random-seed11/scored,False,True,True
p2-sciplex-primary-random-seed23,P2,random,sciplex_drug_disjoint_v2,23.0,/root/autodl-tmp/0accept_revision/experiments/runs/p2-sciplex-primary-random-seed23/artifact,/root/autodl-tmp/0accept_revision/experiments/runs/p2-sciplex-primary-random-seed23/scored,False,True,True
p2-sciplex-primary-random-seed42,P2,random,sciplex_drug_disjoint_v2,42.0,/root/autodl-tmp/0accept_revision/experiments/runs/p2-sciplex-primary-random-seed42/artifact,/root/autodl-tmp/0accept_revision/experiments/runs/p2-sciplex-primary-random-seed42/scored,False,True,True
p2-sciplex-primary-random-seed67,P2,random,sciplex_drug_disjoint_v2,67.0,/root/autodl-tmp/0accept_revision/experiments/runs/p2-sciplex-primary-random-seed67/artifact,/root/autodl-tmp/0accept_revision/experiments/runs/p2-sciplex-primary-random-seed67/scored,False,True,True
p2-sciplex-primary-random-seed101,P2,random,sciplex_drug_disjoint_v2,101.0,/root/autodl-tmp/0accept_revision/experiments/runs/p2-sciplex-primary-random-seed101/artifact,/root/autodl-tmp/0accept_revision/experiments/runs/p2-sciplex-primary-random-seed101/scored,False,True,True
p2-sciplex-primary-mean-deterministic,P2,mean,sciplex_drug_disjoint_v2,,/root/autodl-tmp/0accept_revision/experiments/runs/p2-sciplex-primary-mean-deterministic/artifact,/root/autodl-tmp/0accept_revision/experiments/runs/p2-sciplex-primary-mean-deterministic/scored,False,True,True
p2-sciplex-primary-ridge-deterministic,P2,ridge,sciplex_drug_disjoint_v2,,/root/autodl-tmp/0accept_revision/experiments/runs/p2-sciplex-primary-ridge-deterministic/artifact,/root/autodl-tmp/0accept_revision/experiments/runs/p2-sciplex-primary-ridge-deterministic/scored,False,True,True
p2-sciplex-primary-oracle-deterministic,P2,oracle,sciplex_drug_disjoint_v2,,/root/autodl-tmp/0accept_revision/experiments/runs/p2-sciplex-primary-oracle-deterministic/artifact,/root/autodl-tmp/0accept_revision/experiments/runs/p2-sciplex-primary-oracle-deterministic/scored,False,True,True
p2-sciplex-scaffold-cytobridge-seed11,P2,cytobridge,sciplex_scaffold_disjoint_v2,11.0,/root/autodl-tmp/0accept_revision/experiments/runs/p2-sciplex-scaffold-cytobridge-seed11/artifact,/root/autodl-tmp/0accept_revision/experiments/runs/p2-sciplex-scaffold-cytobridge-seed11/scored,True,True,True
p2-sciplex-scaffold-cytobridge-seed23,P2,cytobridge,sciplex_scaffold_disjoint_v2,23.0,/root/autodl-tmp/0accept_revision/experiments/runs/p2-sciplex-scaffold-cytobridge-seed23/artifact,/root/autodl-tmp/0accept_revision/experiments/runs/p2-sciplex-scaffold-cytobridge-seed23/scored,True,True,True
p2-sciplex-scaffold-cytobridge-seed42,P2,cytobridge,sciplex_scaffold_disjoint_v2,42.0,/root/autodl-tmp/0accept_revision/experiments/runs/p2-sciplex-scaffold-cytobridge-seed42/artifact,/root/autodl-tmp/0accept_revision/experiments/runs/p2-sciplex-scaffold-cytobridge-seed42/scored,True,True,True
p2-sciplex-scaffold-cytobridge-seed67,P2,cytobridge,sciplex_scaffold_disjoint_v2,67.0,/root/autodl-tmp/0accept_revision/experiments/runs/p2-sciplex-scaffold-cytobridge-seed67/artifact,/root/autodl-tmp/0accept_revision/experiments/runs/p2-sciplex-scaffold-cytobridge-seed67/scored,True,True,True
p2-sciplex-scaffold-cytobridge-seed101,P2,cytobridge,sciplex_scaffold_disjoint_v2,101.0,/root/autodl-tmp/0accept_revision/experiments/runs/p2-sciplex-scaffold-cytobridge-seed101/artifact,/root/autodl-tmp/0accept_revision/experiments/runs/p2-sciplex-scaffold-cytobridge-seed101/scored,True,True,True
p2-sciplex-scaffold-chemcpa-seed11,P2,chemcpa,sciplex_scaffold_disjoint_v2,11.0,/root/autodl-tmp/0accept_revision/experiments/runs/p2-sciplex-scaffold-chemcpa-seed11/artifact,/root/autodl-tmp/0accept_revision/experiments/runs/p2-sciplex-scaffold-chemcpa-seed11/scored,False,True,True
p2-sciplex-scaffold-chemcpa-seed23,P2,chemcpa,sciplex_scaffold_disjoint_v2,23.0,/root/autodl-tmp/0accept_revision/experiments/runs/p2-sciplex-scaffold-chemcpa-seed23/artifact,/root/autodl-tmp/0accept_revision/experiments/runs/p2-sciplex-scaffold-chemcpa-seed23/scored,False,True,True
p2-sciplex-scaffold-chemcpa-seed42,P2,chemcpa,sciplex_scaffold_disjoint_v2,42.0,/root/autodl-tmp/0accept_revision/experiments/runs/p2-sciplex-scaffold-chemcpa-seed42/artifact,/root/autodl-tmp/0accept_revision/experiments/runs/p2-sciplex-scaffold-chemcpa-seed42/scored,False,True,True
p2-sciplex-scaffold-chemcpa-seed67,P2,chemcpa,sciplex_scaffold_disjoint_v2,67.0,/root/autodl-tmp/0accept_revision/experiments/runs/p2-sciplex-scaffold-chemcpa-seed67/artifact,/root/autodl-tmp/0accept_revision/experiments/runs/p2-sciplex-scaffold-chemcpa-seed67/scored,False,True,True
p2-sciplex-scaffold-chemcpa-seed101,P2,chemcpa,sciplex_scaffold_disjoint_v2,101.0,/root/autodl-tmp/0accept_revision/experiments/runs/p2-sciplex-scaffold-chemcpa-seed101/artifact,/root/autodl-tmp/0accept_revision/experiments/runs/p2-sciplex-scaffold-chemcpa-seed101/scored,False,True,True
p2-sciplex-scaffold-biolord-seed11,P2,biolord,sciplex_scaffold_disjoint_v2,11.0,/root/autodl-tmp/0accept_revision/experiments/runs/p2-sciplex-scaffold-biolord-seed11/artifact,/root/autodl-tmp/0accept_revision/experiments/runs/p2-sciplex-scaffold-biolord-seed11/scored,False,True,True
p2-sciplex-scaffold-biolord-seed23,P2,biolord,sciplex_scaffold_disjoint_v2,23.0,/root/autodl-tmp/0accept_revision/experiments/runs/p2-sciplex-scaffold-biolord-seed23/artifact,/root/autodl-tmp/0accept_revision/experiments/runs/p2-sciplex-scaffold-biolord-seed23/scored,False,True,True
p2-sciplex-scaffold-biolord-seed42,P2,biolord,sciplex_scaffold_disjoint_v2,42.0,/root/autodl-tmp/0accept_revision/experiments/runs/p2-sciplex-scaffold-biolord-seed42/artifact,/root/autodl-tmp/0accept_revision/experiments/runs/p2-sciplex-scaffold-biolord-seed42/scored,False,True,True
p2-sciplex-scaffold-biolord-seed67,P2,biolord,sciplex_scaffold_disjoint_v2,67.0,/root/autodl-tmp/0accept_revision/experiments/runs/p2-sciplex-scaffold-biolord-seed67/artifact,/root/autodl-tmp/0accept_revision/experiments/runs/p2-sciplex-scaffold-biolord-seed67/scored,False,True,True
p2-sciplex-scaffold-biolord-seed101,P2,biolord,sciplex_scaffold_disjoint_v2,101.0,/root/autodl-tmp/0accept_revision/experiments/runs/p2-sciplex-scaffold-biolord-seed101/artifact,/root/autodl-tmp/0accept_revision/experiments/runs/p2-sciplex-scaffold-biolord-seed101/scored,False,True,True
p2-sciplex-scaffold-random-seed11,P2,random,sciplex_scaffold_disjoint_v2,11.0,/root/autodl-tmp/0accept_revision/experiments/runs/p2-sciplex-scaffold-random-seed11/artifact,/root/autodl-tmp/0accept_revision/experiments/runs/p2-sciplex-scaffold-random-seed11/scored,False,True,True
p2-sciplex-scaffold-random-seed23,P2,random,sciplex_scaffold_disjoint_v2,23.0,/root/autodl-tmp/0accept_revision/experiments/runs/p2-sciplex-scaffold-random-seed23/artifact,/root/autodl-tmp/0accept_revision/experiments/runs/p2-sciplex-scaffold-random-seed23/scored,False,True,True
p2-sciplex-scaffold-random-seed42,P2,random,sciplex_scaffold_disjoint_v2,42.0,/root/autodl-tmp/0accept_revision/experiments/runs/p2-sciplex-scaffold-random-seed42/artifact,/root/autodl-tmp/0accept_revision/experiments/runs/p2-sciplex-scaffold-random-seed42/scored,False,True,True
p2-sciplex-scaffold-random-seed67,P2,random,sciplex_scaffold_disjoint_v2,67.0,/root/autodl-tmp/0accept_revision/experiments/runs/p2-sciplex-scaffold-random-seed67/artifact,/root/autodl-tmp/0accept_revision/experiments/runs/p2-sciplex-scaffold-random-seed67/scored,False,True,True
p2-sciplex-scaffold-random-seed101,P2,random,sciplex_scaffold_disjoint_v2,101.0,/root/autodl-tmp/0accept_revision/experiments/runs/p2-sciplex-scaffold-random-seed101/artifact,/root/autodl-tmp/0accept_revision/experiments/runs/p2-sciplex-scaffold-random-seed101/scored,False,True,True
p2-sciplex-scaffold-mean-deterministic,P2,mean,sciplex_scaffold_disjoint_v2,,/root/autodl-tmp/0accept_revision/experiments/runs/p2-sciplex-scaffold-mean-deterministic/artifact,/root/autodl-tmp/0accept_revision/experiments/runs/p2-sciplex-scaffold-mean-deterministic/scored,False,True,True
p2-sciplex-scaffold-ridge-deterministic,P2,ridge,sciplex_scaffold_disjoint_v2,,/root/autodl-tmp/0accept_revision/experiments/runs/p2-sciplex-scaffold-ridge-deterministic/artifact,/root/autodl-tmp/0accept_revision/experiments/runs/p2-sciplex-scaffold-ridge-deterministic/scored,False,True,True
p2-sciplex-scaffold-oracle-deterministic,P2,oracle,sciplex_scaffold_disjoint_v2,,/root/autodl-tmp/0accept_revision/experiments/runs/p2-sciplex-scaffold-oracle-deterministic/artifact,/root/autodl-tmp/0accept_revision/experiments/runs/p2-sciplex-scaffold-oracle-deterministic/scored,False,True,True
p3-tahoe-cytobridge-seed11,P3,cytobridge,tahoe,11.0,/root/autodl-tmp/0accept_revision/experiments/runs/p3-tahoe-cytobridge-seed11/artifact,/root/autodl-tmp/0accept_revision/experiments/runs/p3-tahoe-cytobridge-seed11/scored,True,True,True
p3-tahoe-random-seed11,P3,random,tahoe,11.0,/root/autodl-tmp/0accept_revision/experiments/runs/p3-tahoe-random-seed11/artifact,/root/autodl-tmp/0accept_revision/experiments/runs/p3-tahoe-random-seed11/scored,False,True,True
p3-tahoe-cytobridge-seed23,P3,cytobridge,tahoe,23.0,/root/autodl-tmp/0accept_revision/experiments/runs/p3-tahoe-cytobridge-seed23/artifact,/root/autodl-tmp/0accept_revision/experiments/runs/p3-tahoe-cytobridge-seed23/scored,True,True,True
p3-tahoe-random-seed23,P3,random,tahoe,23.0,/root/autodl-tmp/0accept_revision/experiments/runs/p3-tahoe-random-seed23/artifact,/root/autodl-tmp/0accept_revision/experiments/runs/p3-tahoe-random-seed23/scored,False,True,True
p3-tahoe-cytobridge-seed42,P3,cytobridge,tahoe,42.0,/root/autodl-tmp/0accept_revision/experiments/runs/p3-tahoe-cytobridge-seed42/artifact,/root/autodl-tmp/0accept_revision/experiments/runs/p3-tahoe-cytobridge-seed42/scored,True,True,True
p3-tahoe-random-seed42,P3,random,tahoe,42.0,/root/autodl-tmp/0accept_revision/experiments/runs/p3-tahoe-random-seed42/artifact,/root/autodl-tmp/0accept_revision/experiments/runs/p3-tahoe-random-seed42/scored,False,True,True
p3-tahoe-cytobridge-seed67,P3,cytobridge,tahoe,67.0,/root/autodl-tmp/0accept_revision/experiments/runs/p3-tahoe-cytobridge-seed67/artifact,/root/autodl-tmp/0accept_revision/experiments/runs/p3-tahoe-cytobridge-seed67/scored,True,True,True
p3-tahoe-random-seed67,P3,random,tahoe,67.0,/root/autodl-tmp/0accept_revision/experiments/runs/p3-tahoe-random-seed67/artifact,/root/autodl-tmp/0accept_revision/experiments/runs/p3-tahoe-random-seed67/scored,False,True,True
p3-tahoe-cytobridge-seed101,P3,cytobridge,tahoe,101.0,/root/autodl-tmp/0accept_revision/experiments/runs/p3-tahoe-cytobridge-seed101/artifact,/root/autodl-tmp/0accept_revision/experiments/runs/p3-tahoe-cytobridge-seed101/scored,True,True,True
p3-tahoe-random-seed101,P3,random,tahoe,101.0,/root/autodl-tmp/0accept_revision/experiments/runs/p3-tahoe-random-seed101/artifact,/root/autodl-tmp/0accept_revision/experiments/runs/p3-tahoe-random-seed101/scored,False,True,True
p3-tahoe-mean-deterministic,P3,mean,tahoe,,/root/autodl-tmp/0accept_revision/experiments/runs/p3-tahoe-mean-deterministic/artifact,/root/autodl-tmp/0accept_revision/experiments/runs/p3-tahoe-mean-deterministic/scored,False,True,True
p3-tahoe-ridge-deterministic,P3,ridge,tahoe,,/root/autodl-tmp/0accept_revision/experiments/runs/p3-tahoe-ridge-deterministic/artifact,/root/autodl-tmp/0accept_revision/experiments/runs/p3-tahoe-ridge-deterministic/scored,False,True,True
p3-tahoe-oracle-deterministic,P3,oracle,tahoe,,/root/autodl-tmp/0accept_revision/experiments/runs/p3-tahoe-oracle-deterministic/artifact,/root/autodl-tmp/0accept_revision/experiments/runs/p3-tahoe-oracle-deterministic/scored,False,True,True
