index,gene_symbol,ensembl_id
0,KLHL13,ENSG00000003096
1,SLC7A2,ENSG00000003989
2,PDK4,ENSG00000004799
3,SLC4A1,ENSG00000004939
4,CALCR,ENSG00000004948
5,THSD7A,ENSG00000005108
6,ACSM3,ENSG00000005187
7,ST3GAL1,ENSG00000008513
8,CSDE1,ENSG00000009307
9,TENM1,ENSG00000009694
10,ETV7,ENSG00000010030
11,GPRC5A,ENSG00000013588
12,CNTN1,ENSG00000018236
13,CYP24A1,ENSG00000019186
14,NRXN3,ENSG00000021645
15,CPS1,ENSG00000021826
16,GRAMD1B,ENSG00000023171
17,BIRC3,ENSG00000023445
18,ABCC2,ENSG00000023839
19,ANK1,ENSG00000029534
20,FUT8,ENSG00000033170
21,TLL1,ENSG00000038295
22,VCAN,ENSG00000038427
23,CDH1,ENSG00000039068
24,MYO16,ENSG00000041515
25,CP,ENSG00000047457
26,ARHGAP6,ENSG00000047648
27,HDAC9,ENSG00000048052
28,CELF2,ENSG00000048740
29,FSTL4,ENSG00000053108
30,SYNE2,ENSG00000054654
31,ATP9A,ENSG00000054793
32,SLC2A3,ENSG00000059804
33,COL11A1,ENSG00000060718
34,VMP1,ENSG00000062716
35,APPBP2,ENSG00000062725
36,LIMCH1,ENSG00000064042
37,WISP2,ENSG00000064205
38,EYA2,ENSG00000064655
39,BCAS1,ENSG00000064787
40,FAM107B,ENSG00000065809
41,ASPM,ENSG00000066279
42,MPPED2,ENSG00000066382
43,NAV3,ENSG00000067798
44,PRR11,ENSG00000068489
45,MAST4,ENSG00000069020
46,FRMPD1,ENSG00000070601
47,MYO3B,ENSG00000071909
48,TRHDE,ENSG00000072657
49,SIDT1,ENSG00000072858
50,TP63,ENSG00000073282
51,LLGL2,ENSG00000073350
52,CLCN4,ENSG00000073464
53,PTGS2,ENSG00000073756
54,ST6GAL1,ENSG00000073849
55,CA12,ENSG00000074410
56,NTN4,ENSG00000074527
57,SEMA3C,ENSG00000075223
58,CACNG4,ENSG00000075461
59,ARHGAP15,ENSG00000075884
60,MCAM,ENSG00000076706
61,RUNX1T1,ENSG00000079102
62,EPHA6,ENSG00000080224
63,KCNN2,ENSG00000080709
64,MEF2C,ENSG00000081189
65,CADPS2,ENSG00000081803
66,PGR,ENSG00000082175
67,COBLL1,ENSG00000082438
68,GRHL2,ENSG00000083307
69,NKAIN1,ENSG00000084628
70,MECOM,ENSG00000085276
71,ABCB1,ENSG00000085563
72,AKR1B1,ENSG00000085662
73,CEACAM6,ENSG00000086548
74,AURKA,ENSG00000087586
75,TMEM40,ENSG00000088726
76,CHGB,ENSG00000089199
77,FXYD3,ENSG00000089356
78,POU4F3,ENSG00000091010
79,NRCAM,ENSG00000091129
80,NLRP1,ENSG00000091592
81,ESR1,ENSG00000091831
82,TGFB2,ENSG00000092969
83,KRT31,ENSG00000094796
84,SORBS1,ENSG00000095637
85,DSP,ENSG00000096696
86,PCSK5,ENSG00000099139
87,XBP1,ENSG00000100219
88,TIMP3,ENSG00000100234
89,HMOX1,ENSG00000100292
90,GZMB,ENSG00000100453
91,DAAM1,ENSG00000100592
92,DHRS2,ENSG00000100867
93,BMP7,ENSG00000101144
94,RAE1,ENSG00000101146
95,CHRNA4,ENSG00000101204
96,EEF1A2,ENSG00000101210
97,TIMP1,ENSG00000102265
98,KLHL4,ENSG00000102271
99,SGCG,ENSG00000102683
100,FLT1,ENSG00000102755
101,CENPT,ENSG00000102901
102,CBLN1,ENSG00000102924
103,CRYM,ENSG00000103316
104,CORO7-PAM16,ENSG00000103426
105,XYLT1,ENSG00000103489
106,ACSBG1,ENSG00000103740
107,CEMIP,ENSG00000103888
108,SCG3,ENSG00000104112
109,CA2,ENSG00000104267
110,EYA1,ENSG00000104313
111,CALB1,ENSG00000104327
112,PLAT,ENSG00000104368
113,DKK4,ENSG00000104371
114,TRPS1,ENSG00000104447
115,NCALD,ENSG00000104490
116,NEFM,ENSG00000104722
117,ADAM2,ENSG00000104755
118,TUBB4A,ENSG00000104833
119,CLC,ENSG00000105205
120,CEACAM5,ENSG00000105388
121,SIGLEC5,ENSG00000105501
122,PDE4C,ENSG00000105650
123,TFPI2,ENSG00000105825
124,TFEC,ENSG00000105967
125,CAV1,ENSG00000105974
126,CPED1,ENSG00000106034
127,EPHB6,ENSG00000106123
128,HSPB1,ENSG00000106211
129,SPAM1,ENSG00000106304
130,SERPINE1,ENSG00000106366
131,GLCCI1,ENSG00000106415
132,AGR2,ENSG00000106541
133,PTGR1,ENSG00000106853
134,DDX58,ENSG00000107201
135,GLIS3,ENSG00000107249
136,SHB,ENSG00000107338
137,GATA3,ENSG00000107485
138,ATRNL1,ENSG00000107518
139,DNMBP,ENSG00000107554
140,SORCS1,ENSG00000108018
141,UBTF,ENSG00000108312
142,TRIM37,ENSG00000108395
143,P2RX1,ENSG00000108405
144,TUBD1,ENSG00000108423
145,RPS6KB1,ENSG00000108443
146,ENO3,ENSG00000108515
147,CHRNE,ENSG00000108556
148,ALDH3A1,ENSG00000108602
149,ABCC3,ENSG00000108846
150,NMU,ENSG00000109255
151,AREG,ENSG00000109321
152,TBC1D9,ENSG00000109436
153,INPP4B,ENSG00000109452
154,CPE,ENSG00000109472
155,UGDH,ENSG00000109814
156,CCND1,ENSG00000110092
157,CALCA,ENSG00000110680
158,SOX6,ENSG00000110693
159,SYT10,ENSG00000110975
160,KRT18,ENSG00000111057
161,WNT5B,ENSG00000111186
162,OAS2,ENSG00000111335
163,MGP,ENSG00000111341
164,SLC38A1,ENSG00000111371
165,RERGL,ENSG00000111404
166,COL12A1,ENSG00000111799
167,RHAG,ENSG00000112077
168,BMP5,ENSG00000112175
169,BACH2,ENSG00000112182
170,PDE10A,ENSG00000112541
171,MRPL2,ENSG00000112651
172,HMGCS1,ENSG00000112972
173,PDE4D,ENSG00000113448
174,PRLR,ENSG00000113494
175,STC2,ENSG00000113739
176,FGF12,ENSG00000114279
177,ITGB6,ENSG00000115221
178,IFIH1,ENSG00000115267
179,FN1,ENSG00000115414
180,IGFBP5,ENSG00000115461
181,PLCL1,ENSG00000115896
182,AC087235.1,ENSG00000115934
183,WIPF1,ENSG00000115935
184,EPHA4,ENSG00000116106
185,KIAA1324,ENSG00000116299
186,C1orf21,ENSG00000116667
187,PRG4,ENSG00000116690
188,PLA2G4A,ENSG00000116711
189,AKT3,ENSG00000117020
190,MUC5B,ENSG00000117983
191,CTSD,ENSG00000117984
192,FILIP1,ENSG00000118407
193,RARRES1,ENSG00000118849
194,IRF2BPL,ENSG00000119669
195,BCL11A,ENSG00000119866
196,IFIT3,ENSG00000119917
197,IFIT2,ENSG00000119922
198,CCDC170,ENSG00000120262
199,PLXDC2,ENSG00000120594
200,TGFBI,ENSG00000120708
201,EPX,ENSG00000121053
202,TEX14,ENSG00000121101
203,TAS2R7,ENSG00000121377
204,PDZRN3,ENSG00000121440
205,UBL3,ENSG00000122042
206,PAEP,ENSG00000122133
207,INHBA,ENSG00000122641
208,DNAI1,ENSG00000122735
209,SFTPA1,ENSG00000122852
210,BICC1,ENSG00000122870
211,RASSF8,ENSG00000123094
212,NECAB1,ENSG00000123119
213,PREX1,ENSG00000124126
214,NCOA3,ENSG00000124151
215,SEMG2,ENSG00000124157
216,PARD6B,ENSG00000124171
217,PMEPA1,ENSG00000124225
218,BCAS4,ENSG00000124243
219,CDKN1A,ENSG00000124762
220,ATXN1,ENSG00000124788
221,MT1G,ENSG00000125144
222,PPDPF,ENSG00000125534
223,GPCPD1,ENSG00000125772
224,PCSK2,ENSG00000125851
225,AMOT,ENSG00000126016
226,IFI6,ENSG00000126709
227,DACH2,ENSG00000126733
228,HIVEP3,ENSG00000127124
229,GNGT1,ENSG00000127928
230,KRT17,ENSG00000128422
231,DOCK4,ENSG00000128512
232,VGF,ENSG00000128564
233,PODXL,ENSG00000128567
234,FOXP2,ENSG00000128573
235,HOXD10,ENSG00000128710
236,ALDH1A2,ENSG00000128918
237,MTUS1,ENSG00000129422
238,NXNL2,ENSG00000130045
239,COL5A1,ENSG00000130635
240,HBZ,ENSG00000130656
241,FBP2,ENSG00000130957
242,AKAP12,ENSG00000131016
243,LRRC4B,ENSG00000131409
244,TOP2A,ENSG00000131747
245,ARFIP2,ENSG00000132254
246,PTPRE,ENSG00000132334
247,H3F3B,ENSG00000132475
248,XAF1,ENSG00000132530
249,RGS22,ENSG00000132554
250,ATP8A2,ENSG00000132932
251,DCLK1,ENSG00000133083
252,STARD13,ENSG00000133121
253,IRS4,ENSG00000133124
254,LARGE1,ENSG00000133424
255,MYO18B,ENSG00000133454
256,NTS,ENSG00000133636
257,CA1,ENSG00000133742
258,COX16,ENSG00000133983
259,LOXL2,ENSG00000134013
260,VAV3,ENSG00000134215
261,RSAD2,ENSG00000134321
262,ELP2,ENSG00000134759
263,DTNA,ENSG00000134769
264,FHOD3,ENSG00000134775
265,TCN1,ENSG00000134827
266,FAM189A2,ENSG00000135063
267,OASL,ENSG00000135114
268,CD36,ENSG00000135218
269,KCP,ENSG00000135253
270,ADGRB3,ENSG00000135298
271,EPHA7,ENSG00000135333
272,CGA,ENSG00000135346
273,KRT7,ENSG00000135480
274,MDM2,ENSG00000135679
275,FAM129A,ENSG00000135842
276,PAX3,ENSG00000135903
277,TNS3,ENSG00000136205
278,C7orf69,ENSG00000136275
279,BRIP1,ENSG00000136492
280,GMPR,ENSG00000137198
281,CLPS,ENSG00000137392
282,SLCO2B1,ENSG00000137491
283,SYTL2,ENSG00000137501
284,SULF1,ENSG00000137573
285,DDX60,ENSG00000137628
286,RDX,ENSG00000137710
287,CASP1,ENSG00000137752
288,THBS1,ENSG00000137801
289,CYP1B1,ENSG00000138061
290,HECW2,ENSG00000138411
291,SSFA2,ENSG00000138434
292,CILP,ENSG00000138615
293,PARP16,ENSG00000138617
294,FAM13A,ENSG00000138640
295,HERC5,ENSG00000138646
296,NDST4,ENSG00000138653
297,RASGEF1B,ENSG00000138670
298,BMPR1B,ENSG00000138696
299,BMP2K,ENSG00000138756
300,CENPE,ENSG00000138778
301,FBN2,ENSG00000138829
302,ASCL1,ENSG00000139352
303,MDGA2,ENSG00000139915
304,SYT16,ENSG00000139973
305,IGF1R,ENSG00000140443
306,PIF1,ENSG00000140451
307,CYP11A1,ENSG00000140459
308,CYP1A1,ENSG00000140465
309,NTRK3,ENSG00000140538
310,NKD1,ENSG00000140807
311,RPL3L,ENSG00000140986
312,DPEP3,ENSG00000141096
313,BCAS3,ENSG00000141376
314,SLC39A6,ENSG00000141424
315,GREB1L,ENSG00000141449
316,CELSR2,ENSG00000143126
317,HMCN1,ENSG00000143341
318,SEMA6C,ENSG00000143434
319,REN,ENSG00000143839
320,PTPN7,ENSG00000143851
321,SYT2,ENSG00000143858
322,ST6GAL2,ENSG00000144057
323,AFF3,ENSG00000144218
324,SLC4A10,ENSG00000144290
325,ZNF385B,ENSG00000144331
326,PTH2R,ENSG00000144407
327,ABCA12,ENSG00000144452
328,MARCH4,ENSG00000144583
329,PTPRG,ENSG00000144724
330,IGSF11,ENSG00000144847
331,SLIT2,ENSG00000145147
332,GLRA3,ENSG00000145451
333,CDH18,ENSG00000145526
334,PIK3R1,ENSG00000145675
335,HAPLN1,ENSG00000145681
336,ADAMTS19,ENSG00000145808
337,ARHGAP26,ENSG00000145819
338,CXCL14,ENSG00000145824
339,DCDC2,ENSG00000146038
340,SLC22A3,ENSG00000146477
341,VWDE,ENSG00000146530
342,SDK1,ENSG00000146555
343,CREB5,ENSG00000146592
344,IGFBP3,ENSG00000146674
345,AC211486.1,ENSG00000146722
346,NXF3,ENSG00000147206
347,GPC3,ENSG00000147257
348,CSGALNACT1,ENSG00000147408
349,SLC25A37,ENSG00000147454
350,SNTG1,ENSG00000147481
351,DPYS,ENSG00000147647
352,ANKRD30A,ENSG00000148513
353,ANKRD1,ENSG00000148677
354,MKI67,ENSG00000148773
355,CYP17A1,ENSG00000148795
356,KIRREL3,ENSG00000149571
357,MMP3,ENSG00000149968
358,CNTN5,ENSG00000149972
359,ADGRL3,ENSG00000150471
360,DLG2,ENSG00000150672
361,CCDC83,ENSG00000150676
362,PPP1R1C,ENSG00000150722
363,FREM2,ENSG00000150893
364,CACNA1C,ENSG00000151067
365,BTBD11,ENSG00000151136
366,NPAS3,ENSG00000151322
367,AKR1C2,ENSG00000151632
368,SLC35F4,ENSG00000151812
369,GFRA1,ENSG00000151892
370,PTPRK,ENSG00000152894
371,PTPRD,ENSG00000153707
372,CACNA2D1,ENSG00000153956
373,HS3ST3A1,ENSG00000153976
374,SEMA3D,ENSG00000153993
375,CDH12,ENSG00000154162
376,PITPNC1,ENSG00000154217
377,ENPP3,ENSG00000154269
378,C4orf19,ENSG00000154274
379,TNIK,ENSG00000154310
380,PPP1R3A,ENSG00000154415
381,CNTNAP3B,ENSG00000154529
382,ADAMTS1,ENSG00000154734
383,PTPRN2,ENSG00000155093
384,SAMSN1,ENSG00000155307
385,TRIM74,ENSG00000155428
386,TTN,ENSG00000155657
387,SLC24A2,ENSG00000155886
388,GNA14,ENSG00000156049
389,MMP16,ENSG00000156103
390,ADAMTS3,ENSG00000156140
391,PPEF2,ENSG00000156194
392,TIAM1,ENSG00000156299
393,UNC5D,ENSG00000156687
394,ATAD2,ENSG00000156802
395,NRG1,ENSG00000157168
396,CACNA1D,ENSG00000157388
397,CACNA2D3,ENSG00000157445
398,MYO1E,ENSG00000157483
399,TMEM164,ENSG00000157600
400,DGKI,ENSG00000157680
401,UBXN11,ENSG00000158062
402,CLSTN2,ENSG00000158258
403,DNAH3,ENSG00000158486
404,STC1,ENSG00000159167
405,TFF3,ENSG00000160180
406,TFF1,ENSG00000160182
407,AZGP1,ENSG00000160862
408,COL26A1,ENSG00000160963
409,FBXL13,ENSG00000161040
410,JOSD2,ENSG00000161677
411,KRT82,ENSG00000161850
412,LAPTM5,ENSG00000162511
413,NTNG1,ENSG00000162631
414,BRINP3,ENSG00000162670
415,SLC9C2,ENSG00000162753
416,KCNJ3,ENSG00000162989
417,S100A9,ENSG00000163220
418,ALPPL2,ENSG00000163286
419,ANTXR2,ENSG00000163297
420,IGFBP7,ENSG00000163453
421,NEK10,ENSG00000163491
422,PSMD6,ENSG00000163636
423,ADAMTS9,ENSG00000163638
424,SMIM14,ENSG00000163683
425,APBB2,ENSG00000163697
426,PLB1,ENSG00000163803
427,NPY1R,ENSG00000164128
428,RHOBTB3,ENSG00000164292
429,GRIK2,ENSG00000164418
430,BMPER,ENSG00000164619
431,COL1A2,ENSG00000164692
432,DLC1,ENSG00000164741
433,ADCY1,ENSG00000164742
434,TNFRSF11B,ENSG00000164761
435,COX6C,ENSG00000164919
436,ZMAT4,ENSG00000165061
437,CPA6,ENSG00000165078
438,C8orf34,ENSG00000165084
439,ALDH1A1,ENSG00000165092
440,C7orf34,ENSG00000165131
441,CLDN3,ENSG00000165215
442,NLGN4Y,ENSG00000165246
443,CLDN2,ENSG00000165376
444,LRFN5,ENSG00000165379
445,PKNOX2,ENSG00000165495
446,IFI27,ENSG00000165949
447,CACNB2,ENSG00000165995
448,GABRB3,ENSG00000166206
449,PRKCB,ENSG00000166501
450,CLEC3A,ENSG00000166509
451,EVA1C,ENSG00000166979
452,PBX3,ENSG00000167081
453,RBFOX3,ENSG00000167281
454,MVD,ENSG00000167508
455,AQP2,ENSG00000167580
456,SEMA6B,ENSG00000167680
457,KLK11,ENSG00000167757
458,KRT80,ENSG00000167767
459,NLRC3,ENSG00000167984
460,FAM83B,ENSG00000168143
461,XIRP1,ENSG00000168334
462,CMAHP,ENSG00000168405
463,RAB31,ENSG00000168461
464,LDLRAD4,ENSG00000168675
465,LRP1B,ENSG00000168702
466,NPNT,ENSG00000168743
467,FAM178B,ENSG00000168754
468,TET2,ENSG00000168769
469,TSPAN5,ENSG00000168785
470,FSTL5,ENSG00000168843
471,TM4SF20,ENSG00000168955
472,IRS1,ENSG00000169047
473,ROR2,ENSG00000169071
474,CXCL10,ENSG00000169245
475,KCNAB1,ENSG00000169282
476,SCN9A,ENSG00000169432
477,SPRR1B,ENSG00000169469
478,ZEB2,ENSG00000169554
479,NLGN1,ENSG00000169760
480,PCDH7,ENSG00000169851
481,ROBO1,ENSG00000169855
482,CTNND2,ENSG00000169862
483,ZFPM2,ENSG00000169946
484,ZPLD1,ENSG00000170044
485,RNF150,ENSG00000170153
486,CST2,ENSG00000170369
487,CST1,ENSG00000170373
488,ZNF804A,ENSG00000170396
489,KRT8,ENSG00000170421
490,KRT6C,ENSG00000170465
491,HSD17B13,ENSG00000170509
492,SERPINB9,ENSG00000170542
493,RASA4B,ENSG00000170667
494,USP32,ENSG00000170832
495,PPM1D,ENSG00000170836
496,MTSS1,ENSG00000170873
497,CYTL1,ENSG00000170891
498,TANC2,ENSG00000170921
499,HAS2,ENSG00000170961
500,PLAC1,ENSG00000170965
501,HS6ST2,ENSG00000171004
502,GRIK1,ENSG00000171189
503,NPTX1,ENSG00000171246
504,KRT19,ENSG00000171345
505,KRT13,ENSG00000171401
506,PDE7B,ENSG00000171408
507,FGG,ENSG00000171557
508,DSCAM,ENSG00000171587
509,S100Z,ENSG00000171643
510,BCL2,ENSG00000171791
511,FRMD5,ENSG00000171877
512,MIR31HG,ENSG00000171889
513,ZNF217,ENSG00000171940
514,NEGR1,ENSG00000172260
515,MACROD2,ENSG00000172264
516,SYNPO2,ENSG00000172403
517,MUCL1,ENSG00000172551
518,PDE3A,ENSG00000172572
519,RASGRP1,ENSG00000172575
520,BNC2,ENSG00000173068
521,HSPA6,ENSG00000173110
522,ADCY5,ENSG00000173175
523,SYT12,ENSG00000173227
524,GPR151,ENSG00000173250
525,PTPRM,ENSG00000173482
526,MARCH3,ENSG00000173926
527,SNX31,ENSG00000174226
528,DIRC1,ENSG00000174325
529,GOLGA6L2,ENSG00000174450
530,CNTNAP2,ENSG00000174469
531,LINGO2,ENSG00000174482
532,SLCO2A1,ENSG00000174640
533,DNAH12,ENSG00000174844
534,AMZ1,ENSG00000174945
535,GPR149,ENSG00000174948
536,TVP23C,ENSG00000175106
537,PACS1,ENSG00000175115
538,CADM2,ENSG00000175161
539,PPM1E,ENSG00000175175
540,SCUBE2,ENSG00000175356
541,MCTP1,ENSG00000175471
542,CLCF1,ENSG00000175505
543,GPX2,ENSG00000176153
544,LRRTM4,ENSG00000176204
545,RIMS2,ENSG00000176406
546,OR52Z1,ENSG00000176748
547,NCKAP5,ENSG00000176771
548,OR51G2,ENSG00000176893
549,DSCAML1,ENSG00000177103
550,PAWR,ENSG00000177425
551,IRX3,ENSG00000177508
552,NAALADL2,ENSG00000177694
553,ODF3,ENSG00000177947
554,SPATA31E1,ENSG00000177992
555,SH2D4B,ENSG00000178217
556,TMPRSS9,ENSG00000178297
557,OR2D3,ENSG00000178358
558,ERBB4,ENSG00000178568
559,CD300LB,ENSG00000178789
560,APOLD1,ENSG00000178878
561,WSCD1,ENSG00000179314
562,GPC5,ENSG00000179399
563,HTR1D,ENSG00000179546
564,GRM8,ENSG00000179603
565,LRRC3B,ENSG00000179796
566,AC079741.1,ENSG00000180019
567,HERC2P3,ENSG00000180229
568,PLD5,ENSG00000180287
569,SLC47A2,ENSG00000180638
570,TMEM64,ENSG00000180694
571,CHRM4,ENSG00000180720
572,GREM2,ENSG00000180875
573,MUC16,ENSG00000181143
574,OFCC1,ENSG00000181355
575,TNFSF15,ENSG00000181634
576,UNC5C,ENSG00000182168
577,GABRG3,ENSG00000182256
578,ZNF804B,ENSG00000182348
579,CACNB4,ENSG00000182389
580,IFNL1,ENSG00000182393
581,PLCB1,ENSG00000182621
582,KCNB2,ENSG00000182674
583,RGS6,ENSG00000182732
584,PAPPA,ENSG00000182752
585,PLCXD3,ENSG00000182836
586,RGS7,ENSG00000182901
587,CADM1,ENSG00000182985
588,NKX2-5,ENSG00000183072
589,GPC6,ENSG00000183098
590,TMEM119,ENSG00000183160
591,CALN1,ENSG00000183166
592,FAM9A,ENSG00000183304
593,MX2,ENSG00000183486
594,IFNL2,ENSG00000183709
595,LHFPL6,ENSG00000183722
596,SLC35F3,ENSG00000183780
597,ST6GALNAC3,ENSG00000184005
598,DSCR4,ENSG00000184029
599,PCDH9,ENSG00000184226
600,CCSER1,ENSG00000184305
601,SLIT3,ENSG00000184347
602,EFNA5,ENSG00000184349
603,MAML2,ENSG00000184384
604,PDE4B,ENSG00000184588
605,NELL2,ENSG00000184613
606,ROBO2,ENSG00000185008
607,ANKS1B,ENSG00000185046
608,SLC24A3,ENSG00000185052
609,TCN2,ENSG00000185339
610,HS6ST3,ENSG00000185352
611,KRT6B,ENSG00000185479
612,ROR1,ENSG00000185483
613,PRKG1,ENSG00000185532
614,NR2F2,ENSG00000185551
615,LSAMP,ENSG00000185565
616,SHC4,ENSG00000185634
617,NRG3,ENSG00000185737
618,IFIT1,ENSG00000185745
619,KCNQ5,ENSG00000185760
620,MORF4L1,ENSG00000185787
621,NKAIN3,ENSG00000185942
622,PLK5,ENSG00000185988
623,RPS4XP21,ENSG00000186008
624,CYP4F2,ENSG00000186115
625,WWOX,ENSG00000186153
626,KRT10,ENSG00000186395
627,KRT16,ENSG00000186832
628,KRTAP17-1,ENSG00000186860
629,HEATR4,ENSG00000187105
630,AKR1C1,ENSG00000187134
631,MAGI2,ENSG00000187391
632,AGMO,ENSG00000187546
633,ERC2,ENSG00000187672
634,THSD4,ENSG00000187720
635,DNAH17,ENSG00000187775
636,FYB2,ENSG00000187889
637,ZSCAN23,ENSG00000187987
638,C17orf99,ENSG00000187997
639,COL4A5,ENSG00000188153
640,NANOS2,ENSG00000188425
641,C22orf34,ENSG00000188511
642,COL25A1,ENSG00000188517
643,HBA2,ENSG00000188536
644,RHCE,ENSG00000188672
645,RELN,ENSG00000189056
646,APOD,ENSG00000189058
647,KRT77,ENSG00000189182
648,AC069277.1,ENSG00000189229
649,LINC01164,ENSG00000189275
650,SERPINA3,ENSG00000196136
651,AKR1C3,ENSG00000196139
652,GREB1,ENSG00000196208
653,Metazoa_SRP,ENSG00000196274
654,SLC35F1,ENSG00000196376
655,EVL,ENSG00000196405
656,SPTSSB,ENSG00000196542
657,MME,ENSG00000196549
658,SULF2,ENSG00000196562
659,HBG2,ENSG00000196565
660,MBD3L2B,ENSG00000196589
661,MMP1,ENSG00000196611
662,UGT2B15,ENSG00000196620
663,SRGAP1,ENSG00000196935
664,KRT35,ENSG00000197079
665,LCE1C,ENSG00000197084
666,IFNL3,ENSG00000197110
667,SULT1A2,ENSG00000197165
668,TPSB2,ENSG00000197253
669,TRIM33,ENSG00000197323
670,DCHS2,ENSG00000197410
671,SPN,ENSG00000197471
672,COL4A6,ENSG00000197565
673,KCNMB2,ENSG00000197584
674,AC068051.1,ENSG00000197585
675,UBE2Q2P12,ENSG00000197627
676,CR1L,ENSG00000197721
677,DNM3,ENSG00000197959
678,ELOVL2,ENSG00000197977
679,AKR1B10,ENSG00000198074
680,CLEC4C,ENSG00000198178
681,TXNRD1,ENSG00000198431
682,PAPSS2,ENSG00000198682
683,MT-CO2,ENSG00000198712
684,MT-CYB,ENSG00000198727
685,MT-ND5,ENSG00000198786
686,MT-ND4,ENSG00000198886
687,NOS1AP,ENSG00000198929
688,DMD,ENSG00000198947
689,RN7SKP72,ENSG00000199197
690,Y_RNA:57,ENSG00000199677
691,Y_RNA:76,ENSG00000199832
692,RNU6-888P,ENSG00000199880
693,SNORD45,ENSG00000200051
694,Y_RNA:157,ENSG00000200521
695,SNORD8,ENSG00000200785
696,RNU1-130P,ENSG00000200800
697,SNORA38,ENSG00000200816
698,RNU6-560P,ENSG00000200877
699,RNU4-24P,ENSG00000201435
700,RNA5SP478,ENSG00000201527
701,RNVU1-6,ENSG00000201558
702,RNA5SP298,ENSG00000201861
703,SNORD51,ENSG00000202275
704,VTRNA1-3,ENSG00000202515
705,LINC01317,ENSG00000203386
706,STUM,ENSG00000203685
707,CAPN8,ENSG00000203697
708,FCGR3A,ENSG00000203747
709,AL591704.1,ENSG00000203781
710,PRR9,ENSG00000203783
711,DEFB110,ENSG00000203970
712,LIPK,ENSG00000204021
713,MAFB,ENSG00000204103
714,GGNBP1,ENSG00000204188
715,COL5A2,ENSG00000204262
716,XAGE1A,ENSG00000204379
717,FAM155A,ENSG00000204442
718,CDSN,ENSG00000204539
719,MALRD1,ENSG00000204740
720,LINC01291,ENSG00000204792
721,OR5G5P,ENSG00000205025
722,SLC10A5P1,ENSG00000205184
723,SAMD9,ENSG00000205413
724,KRT6A,ENSG00000205420
725,KRT81,ENSG00000205426
726,OLIG2,ENSG00000205927
727,EGFEM1P,ENSG00000206120
728,Y_RNA:423,ENSG00000206790
729,RNU6-708P,ENSG00000206944
730,Y_RNA:458,ENSG00000206978
731,SNORA14B,ENSG00000207181
732,Y_RNA:516,ENSG00000207281
733,SNORA8:2,ENSG00000207304
734,RNA5SP64,ENSG00000207341
735,RNU6-1105P,ENSG00000207505
736,MIR181B1,ENSG00000207975
737,MIR616,ENSG00000208028
738,RNU6ATAC26P,ENSG00000210841
739,DIO2,ENSG00000211448
740,IGLV10-54,ENSG00000211642
741,TRGV5,ENSG00000211697
742,TRGV3,ENSG00000211699
743,RNU1-77P,ENSG00000212170
744,SNORA12,ENSG00000212175
745,SNORA12:2,ENSG00000212464
746,KRTAP2-3,ENSG00000212724
747,TPM3P1,ENSG00000213050
748,COX5BP2,ENSG00000213111
749,CNN2P9,ENSG00000213149
750,AP001102.1,ENSG00000213287
751,AL135905.1,ENSG00000213312
752,RPL17P50,ENSG00000213700
753,FAM210CP,ENSG00000213770
754,RPL35P4,ENSG00000213783
755,EMP2,ENSG00000213853
756,HBE1,ENSG00000213931
757,HBG1,ENSG00000213934
758,HNRNPA1P10,ENSG00000214223
759,FOXO1B,ENSG00000214295
760,ATP5G1P6,ENSG00000214318
761,OR4F13P,ENSG00000214344
762,PLIN5,ENSG00000214456
763,C12orf71,ENSG00000214700
764,MTCP1,ENSG00000214827
765,IFITM8P,ENSG00000215096
766,MUC5AC,ENSG00000215182
767,R3HDM2P2,ENSG00000216817
768,LY86-AS1,ENSG00000216863
769,TENM3,ENSG00000218336
770,LINC01644,ENSG00000218357
771,RPL7P28,ENSG00000218632
772,AL117342.1,ENSG00000218730
773,ZNF402P,ENSG00000220248
774,RNU6ATAC41P,ENSG00000221527
775,PLXNA4,ENSG00000221866
776,RN7SKP26,ENSG00000222179
777,RNU6-1064P,ENSG00000222558
778,Y_RNA:608,ENSG00000222613
779,RN7SKP106,ENSG00000222764
780,RNU2-55P,ENSG00000223078
781,Y_RNA:622,ENSG00000223080
782,RNA5SP155,ENSG00000223086
783,AC235097.1,ENSG00000223438
784,SMPD4P1,ENSG00000223553
785,AC002463.1,ENSG00000223646
786,AC245052.1,ENSG00000223660
787,AL589684.1,ENSG00000223811
788,AC073365.1,ENSG00000223812
789,AC005006.1,ENSG00000223831
790,AL133244.1,ENSG00000223951
791,AC104809.1,ENSG00000223991
792,AC244250.1,ENSG00000223999
793,AC007319.1,ENSG00000224063
794,MIR548XHG,ENSG00000224141
795,AC007422.1,ENSG00000224173
796,SDHDP6,ENSG00000224183
797,MIR3681HG,ENSG00000224184
798,AL080273.1,ENSG00000224192
799,AC010469.1,ENSG00000224282
800,AL592076.1,ENSG00000224348
801,DPPA2P3,ENSG00000224403
802,AC092803.1,ENSG00000224535
803,COL18A1-AS2,ENSG00000224574
804,UBE2V1P13,ENSG00000224584
805,AL513164.1,ENSG00000224658
806,AC099850.1,ENSG00000224738
807,LINC01058,ENSG00000225039
808,AL139230.1,ENSG00000225203
809,RPL7AP52,ENSG00000225354
810,LINC02476,ENSG00000225546
811,LINC01710,ENSG00000225561
812,LINC02158,ENSG00000225611
813,TREML5P,ENSG00000225690
814,AC092100.1,ENSG00000225718
815,LINC00431,ENSG00000225760
816,AL139246.2,ENSG00000225931
817,AL109741.1,ENSG00000225938
818,LAMP5-AS1,ENSG00000225988
819,AP000561.1,ENSG00000226043
820,AC234644.1,ENSG00000226045
821,PHF2P2,ENSG00000226057
822,PSMC1P12,ENSG00000226126
823,CLK3P2,ENSG00000226191
824,LINC00351,ENSG00000226317
825,LINC01811,ENSG00000226320
826,LINC02089,ENSG00000226364
827,LINC02542,ENSG00000226453
828,AC138647.1,ENSG00000226490
829,TEX41,ENSG00000226674
830,C13orf42,ENSG00000226792
831,AL138749.1,ENSG00000226798
832,LHFPL3-AS1,ENSG00000226869
833,LINC00511,ENSG00000227036
834,C14orf132,ENSG00000227051
835,AL512785.1,ENSG00000227094
836,AL603839.1,ENSG00000227278
837,AL929472.1,ENSG00000227416
838,LINC01724,ENSG00000227421
839,AL590783.1,ENSG00000227466
840,RPS26P39,ENSG00000227586
841,AL033504.1,ENSG00000227681
842,AL391097.2,ENSG00000227705
843,AL713998.1,ENSG00000227706
844,AP001271.1,ENSG00000227726
845,TARID,ENSG00000227954
846,VN1R51P,ENSG00000228038
847,AL138900.1,ENSG00000228239
848,BX322559.1,ENSG00000228355
849,AL022068.1,ENSG00000228412
850,AC098484.1,ENSG00000228452
851,AL138885.2,ENSG00000228478
852,AL160272.1,ENSG00000228512
853,AL109763.1,ENSG00000228708
854,PABPC1P8,ENSG00000228755
855,AL033539.1,ENSG00000228772
856,LINC01344,ENSG00000228918
857,UBTFL6,ENSG00000228970
858,CCDC26,ENSG00000229140
859,LINC01981,ENSG00000229243
860,AC011287.1,ENSG00000229618
861,XIST,ENSG00000229807
862,AC068533.2,ENSG00000229886
863,AC016999.1,ENSG00000229915
864,AL359182.2,ENSG00000230013
865,AL158209.1,ENSG00000230109
866,AL158071.1,ENSG00000230147
867,AURKAPS2,ENSG00000230165
868,AC005208.1,ENSG00000230258
869,AL136320.1,ENSG00000230322
870,GOLGA6L5P,ENSG00000230373
871,LINC01066,ENSG00000230403
872,AL139383.1,ENSG00000230490
873,AC024084.1,ENSG00000230649
874,PRB4,ENSG00000230657
875,CEACAM22P,ENSG00000230666
876,AC092650.1,ENSG00000230773
877,AC012456.2,ENSG00000230790
878,MAGEA8-AS1,ENSG00000230899
879,AL049734.2,ENSG00000230973
880,AC097347.1,ENSG00000231217
881,LINC01423,ENSG00000231231
882,C17orf105,ENSG00000231256
883,LINC01816,ENSG00000231327
884,WASF5P,ENSG00000231402
885,AL050338.2,ENSG00000231426
886,HMGN2P34,ENSG00000231471
887,PTCHD3P2,ENSG00000231550
888,LINC02015,ENSG00000231574
889,DIRC3,ENSG00000231672
890,AL358779.1,ENSG00000231678
891,NDUFB1P1,ENSG00000231884
892,AC016397.1,ENSG00000231906
893,AC007402.1,ENSG00000231918
894,AC078845.1,ENSG00000232053
895,AC004870.4,ENSG00000232072
896,AL450469.2,ENSG00000232121
897,LINC00708,ENSG00000232170
898,AL683842.1,ENSG00000232334
899,AC005056.1,ENSG00000232415
900,AL356133.1,ENSG00000232466
901,MTCO1P14,ENSG00000232551
902,KATNBL1P2,ENSG00000232857
903,GPC5-AS2,ENSG00000232885
904,RPEP4,ENSG00000233010
905,CCDC144NL-AS1,ENSG00000233098
906,LINC01794,ENSG00000233128
907,Z97055.1,ENSG00000233157
908,AC016876.1,ENSG00000233223
909,AL139002.1,ENSG00000233379
910,LINC01518,ENSG00000233515
911,AL445644.1,ENSG00000233516
912,AL590490.1,ENSG00000233519
913,AP000943.1,ENSG00000233536
914,AC060234.2,ENSG00000233665
915,AL929472.3,ENSG00000233728
916,AC016735.2,ENSG00000233978
917,AC022018.1,ENSG00000234017
918,LINC00463,ENSG00000234056
919,AJ006995.1,ENSG00000234083
920,AC104332.2,ENSG00000234202
921,OSTCP5,ENSG00000234315
922,AC009264.1,ENSG00000234352
923,LINC01049,ENSG00000234384
924,FGF14-AS1,ENSG00000234445
925,MTCO2P18,ENSG00000234480
926,TPMTP2,ENSG00000234562
927,AL359873.1,ENSG00000234593
928,IFT74-AS1,ENSG00000234676
929,LINC01287,ENSG00000234722
930,AC105940.2,ENSG00000234775
931,AC114730.2,ENSG00000234793
932,SNRPCP19,ENSG00000234999
933,DSCAM-AS1,ENSG00000235123
934,COX6CP17,ENSG00000235141
935,HMGB3P23,ENSG00000235148
936,RPL22P17,ENSG00000235266
937,AL109838.1,ENSG00000235292
938,AC016723.1,ENSG00000235335
939,AC114808.1,ENSG00000235403
940,AC009411.2,ENSG00000235537
941,MFRP,ENSG00000235718
942,LINC00607,ENSG00000235770
943,ZNF815P,ENSG00000235944
944,VN2R19P,ENSG00000235974
945,AC106017.1,ENSG00000236022
946,CEACAMP11,ENSG00000236123
947,AC006369.1,ENSG00000236213
948,AL161638.2,ENSG00000236335
949,AC092800.1,ENSG00000236390
950,AC012513.2,ENSG00000236478
951,AC074286.1,ENSG00000236501
952,LINC01695,ENSG00000236532
953,ASNSP3,ENSG00000236554
954,AC073626.2,ENSG00000236580
955,LINC01923,ENSG00000236653
956,AL160271.1,ENSG00000236687
957,AC139712.3,ENSG00000236837
958,RPL23AP95,ENSG00000236848
959,AC113331.1,ENSG00000236897
960,AC126124.2,ENSG00000237003
961,AC007679.3,ENSG00000237041
962,MTCO1P48,ENSG00000237055
963,CNTFR-AS1,ENSG00000237159
964,AC007099.2,ENSG00000237293
965,AL445989.1,ENSG00000237378
966,SHISA9,ENSG00000237515
967,AF241725.1,ENSG00000237527
968,AL138828.1,ENSG00000237596
969,LINC00686,ENSG00000237687
970,IRGM,ENSG00000237693
971,FBP2P1,ENSG00000237743
972,AL513325.1,ENSG00000237861
973,FMO8P,ENSG00000238087
974,MAP3K20-AS1,ENSG00000238133
975,MLLT10P1,ENSG00000238151
976,LINC02096,ENSG00000238212
977,snoU13:1,ENSG00000238316
978,RNU7-67P,ENSG00000239115
979,Y_RNA:651,ENSG00000239180
980,AC092691.1,ENSG00000239268
981,AC073111.1,ENSG00000239377
982,AC118470.1,ENSG00000239395
983,AC019211.1,ENSG00000239498
984,FLYWCH1P1,ENSG00000239516
985,AC073288.1,ENSG00000239628
986,RN7SL502P,ENSG00000240733
987,RN7SL415P,ENSG00000240961
988,AC008280.2,ENSG00000241114
989,ADAMTS9-AS1,ENSG00000241158
990,LINC01192,ENSG00000241369
991,HNF1A-AS1,ENSG00000241388
992,XACT,ENSG00000241743
993,ENO1P4,ENSG00000241790
994,AC109466.1,ENSG00000241956
995,AL365356.5,ENSG00000242147
996,NECTIN3-AS1,ENSG00000242242
997,AK2P2,ENSG00000242272
998,AADACL2-AS1,ENSG00000242908
999,RPL31P58,ENSG00000243053
1000,AC041039.1,ENSG00000243171
1001,AC006387.1,ENSG00000243193
1002,LINC02045,ENSG00000243347
1003,RN7SL107P,ENSG00000243424
1004,RPS18P13,ENSG00000243455
1005,AC092957.1,ENSG00000243620
1006,RPL23AP63,ENSG00000243721
1007,RN7SL684P,ENSG00000243959
1008,Z84488.1,ENSG00000244158
1009,AC068587.2,ENSG00000244289
1010,AC093001.1,ENSG00000244468
1011,AC084754.1,ENSG00000244712
1012,LINC00861,ENSG00000245164
1013,NEAT1,ENSG00000245532
1014,AP004609.1,ENSG00000245869
1015,AC010230.1,ENSG00000246316
1016,AC026774.1,ENSG00000248127
1017,LINC01194,ENSG00000248131
1018,AC004053.1,ENSG00000248242
1019,LINC00616,ENSG00000248307
1020,LUCAT1,ENSG00000248323
1021,LINC00504,ENSG00000248360
1022,AC096577.1,ENSG00000248373
1023,LINC02064,ENSG00000248391
1024,AC093772.1,ENSG00000248491
1025,AC095050.1,ENSG00000248551
1026,AC139491.2,ENSG00000248596
1027,AC096759.1,ENSG00000248646
1028,LINC02484,ENSG00000248685
1029,LINC02432,ENSG00000248810
1030,FLJ46284,ENSG00000248858
1031,AC139713.1,ENSG00000248924
1032,LINC01033,ENSG00000249069
1033,AC106744.1,ENSG00000249174
1034,GCNT1P2,ENSG00000249206
1035,AC105389.2,ENSG00000249216
1036,TMEM150C,ENSG00000249242
1037,NCOA4P3,ENSG00000249245
1038,LINC01411,ENSG00000249306
1039,AC112206.2,ENSG00000249364
1040,LINC02147,ENSG00000249797
1041,AC138819.1,ENSG00000249849
1042,HS3ST5,ENSG00000249853
1043,LINC00536,ENSG00000249917
1044,AC093607.1,ENSG00000250137
1045,AC109481.1,ENSG00000250441
1046,AC007126.1,ENSG00000250497
1047,AC104685.1,ENSG00000250540
1048,LINC01511,ENSG00000250584
1049,AC112206.4,ENSG00000250669
1050,ADI1P2,ENSG00000250684
1051,AC010343.3,ENSG00000250697
1052,AC025419.1,ENSG00000250748
1053,AC108865.1,ENSG00000250829
1054,AC016687.3,ENSG00000250954
1055,CUL1P1,ENSG00000251032
1056,AC025459.1,ENSG00000251062
1057,AC093281.2,ENSG00000251093
1058,AC097478.1,ENSG00000251095
1059,LINC02506,ENSG00000251129
1060,AC010425.1,ENSG00000251189
1061,LINC02228,ENSG00000251273
1062,AC007106.1,ENSG00000251410
1063,GTF2IP9,ENSG00000251451
1064,AC113398.2,ENSG00000251456
1065,AC021146.11,ENSG00000251529
1066,HNRNPKP3,ENSG00000251557
1067,AC099520.1,ENSG00000251574
1068,LINC01267,ENSG00000251576
1069,AC079795.1,ENSG00000251611
1070,AC092535.2,ENSG00000251639
1071,RNA5SP20,ENSG00000251785
1072,RNU6-1333P,ENSG00000251971
1073,Y_RNA:675,ENSG00000252210
1074,RNU2-58P,ENSG00000252212
1075,Y_RNA:677,ENSG00000252225
1076,RN7SKP253,ENSG00000252233
1077,RNU2-24P,ENSG00000252639
1078,RNU7-110P,ENSG00000252700
1079,SNORA48:11,ENSG00000252824
1080,RNU6-993P,ENSG00000252962
1081,RNU4-60P,ENSG00000253048
1082,Y_RNA:721,ENSG00000253096
1083,HNRNPA3P7,ENSG00000253119
1084,AC100801.1,ENSG00000253154
1085,AC090821.1,ENSG00000253165
1086,AC079054.1,ENSG00000253189
1087,AC131902.1,ENSG00000253369
1088,AC068672.2,ENSG00000253377
1089,LINC00534,ENSG00000253394
1090,LINC02159,ENSG00000253417
1091,AC104350.1,ENSG00000253523
1092,AC120193.1,ENSG00000253535
1093,AC016065.2,ENSG00000253550
1094,AC090568.2,ENSG00000253553
1095,AF279873.3,ENSG00000253642
1096,IGHEP1,ENSG00000253692
1097,IGHGP,ENSG00000253755
1098,AC105999.2,ENSG00000253802
1099,LINC01608,ENSG00000253877
1100,LINC01419,ENSG00000253898
1101,AC034154.1,ENSG00000254044
1102,AC024451.3,ENSG00000254065
1103,LINC02055,ENSG00000254101
1104,AC025524.2,ENSG00000254119
1105,AC027701.1,ENSG00000254123
1106,LINC01947,ENSG00000254130
1107,CASC19,ENSG00000254166
1108,AB015752.1,ENSG00000254180
1109,AC104417.1,ENSG00000254183
1110,AC015522.1,ENSG00000254202
1111,AP003550.1,ENSG00000254236
1112,AC103770.1,ENSG00000254251
1113,RPL7P20,ENSG00000254252
1114,AC087203.1,ENSG00000254423
1115,AC090124.1,ENSG00000254530
1116,XIRP2-AS1,ENSG00000254552
1117,AL035078.1,ENSG00000254584
1118,AP003066.1,ENSG00000254587
1119,AC087379.1,ENSG00000254645
1120,OR8B10P,ENSG00000254646
1121,AP000722.1,ENSG00000254705
1122,HNRNPA1P72,ENSG00000254713
1123,AC100768.1,ENSG00000254861
1124,AP000781.2,ENSG00000254979
1125,AP003181.1,ENSG00000254998
1126,AC109635.3,ENSG00000255001
1127,AP003128.1,ENSG00000255005
1128,AC069185.1,ENSG00000255046
1129,CCDC166,ENSG00000255181
1130,NANOGP8,ENSG00000255192
1131,MIR100HG,ENSG00000255248
1132,AC055860.1,ENSG00000255448
1133,AC021713.1,ENSG00000255477
1134,JRKL-AS1,ENSG00000255679
1135,AP000808.2,ENSG00000255741
1136,AC022509.1,ENSG00000255750
1137,RMST,ENSG00000255794
1138,DENND5B-AS1,ENSG00000255867
1139,LINC02421,ENSG00000255970
1140,TOMM20P2,ENSG00000255987
1141,LINC02446,ENSG00000256039
1142,AC022075.2,ENSG00000256155
1143,LINC02359,ENSG00000256342
1144,AC010197.1,ENSG00000256615
1145,AC008250.1,ENSG00000257022
1146,AC079584.2,ENSG00000257226
1147,AC090630.1,ENSG00000257239
1148,AC013437.1,ENSG00000257284
1149,AL512310.4,ENSG00000257493
1150,LINC02403,ENSG00000257541
1151,AC078860.1,ENSG00000257761
1152,AC090525.2,ENSG00000257813
1153,AC125603.2,ENSG00000257883
1154,AC027288.3,ENSG00000257894
1155,AC020612.3,ENSG00000257964
1156,AC078923.1,ENSG00000258077
1157,AC026116.1,ENSG00000258117
1158,AL352977.1,ENSG00000258418
1159,AC087633.1,ENSG00000258433
1160,CRAT37,ENSG00000258551
1161,NBEAP1,ENSG00000258590
1162,AC022469.2,ENSG00000258662
1163,HIF1A-AS2,ENSG00000258667
1164,LINC02328,ENSG00000258733
1165,LINC02330,ENSG00000258770
1166,AL359237.1,ENSG00000258807
1167,AL160314.3,ENSG00000258823
1168,LINC02296,ENSG00000258859
1169,AL390334.1,ENSG00000258932
1170,AL118558.1,ENSG00000258959
1171,LINC02307,ENSG00000258969
1172,AL356804.1,ENSG00000259033
1173,POC1B-GALNT4,ENSG00000259075
1174,AC008050.1,ENSG00000259124
1175,AL133371.3,ENSG00000259130
1176,AL137100.2,ENSG00000259136
1177,LINC00644,ENSG00000259142
1178,MED28P6,ENSG00000259183
1179,AC022523.1,ENSG00000259199
1180,PRKXP1,ENSG00000259205
1181,AC037479.1,ENSG00000259257
1182,AC109462.2,ENSG00000259283
1183,AC051619.2,ENSG00000259338
1184,AC013652.1,ENSG00000259345
1185,AC011767.1,ENSG00000259425
1186,LINC01169,ENSG00000259471
1187,AC012653.1,ENSG00000259477
1188,AC020687.1,ENSG00000259560
1189,AC087477.6,ENSG00000259614
1190,AC021351.1,ENSG00000259639
1191,AC090164.1,ENSG00000259695
1192,AC100839.1,ENSG00000259756
1193,AL031716.1,ENSG00000260022
1194,AC104640.1,ENSG00000260217
1195,AL035425.2,ENSG00000260548
1196,AC138305.1,ENSG00000260658
1197,AC134508.1,ENSG00000260670
1198,AC018558.1,ENSG00000260857
1199,AC027682.3,ENSG00000260894
1200,WFDC21P,ENSG00000261040
1201,AC012186.2,ENSG00000261131
1202,AC136619.2,ENSG00000261362
1203,AL035425.3,ENSG00000261409
1204,AC103724.3,ENSG00000261449
1205,AC092378.2,ENSG00000261638
1206,AC055717.2,ENSG00000261650
1207,LINC00922,ENSG00000261742
1208,AC105243.1,ENSG00000261780
1209,ISY1-RAB43,ENSG00000261796
1210,AC007952.6,ENSG00000262319
1211,AC004232.2,ENSG00000262899
1212,AC137056.1,ENSG00000262995
1213,LINC01896,ENSG00000263146
1214,MTCYBP33,ENSG00000263241
1215,AC009127.3,ENSG00000263311
1216,AC069366.1,ENSG00000263368
1217,AC090616.1,ENSG00000263369
1218,AC104564.2,ENSG00000263370
1219,AC005828.2,ENSG00000263501
1220,MSMB,ENSG00000263639
1221,AL645941.3,ENSG00000263756
1222,FAM60BP,ENSG00000263829
1223,RN7SL665P,ENSG00000264169
1224,AP005262.1,ENSG00000264189
1225,CCDC58P1,ENSG00000264311
1226,NEK4P2,ENSG00000264359
1227,AC138761.3,ENSG00000264811
1228,MIR3613,ENSG00000264864
1229,AC068594.2,ENSG00000265121
1230,AC090358.1,ENSG00000265217
1231,IGLJCOR18,ENSG00000265243
1232,ARGFXP2,ENSG00000265293
1233,AC099850.2,ENSG00000265303
1234,MIR3941,ENSG00000265442
1235,AC023301.1,ENSG00000265579
1236,AC119868.2,ENSG00000265643
1237,LINC01029,ENSG00000265843
1238,AC016888.1,ENSG00000266036
1239,LINC02074,ENSG00000266357
1240,AC138645.1,ENSG00000266497
1241,AP001793.2,ENSG00000266708
1242,AC005625.1,ENSG00000266963
1243,AC079466.1,ENSG00000266976
1244,AC015911.2,ENSG00000267035
1245,AC005757.1,ENSG00000267044
1246,AP005229.1,ENSG00000267051
1247,AC015911.3,ENSG00000267074
1248,AC006116.5,ENSG00000267298
1249,AC005580.1,ENSG00000267320
1250,AC016205.1,ENSG00000267374
1251,AC006116.6,ENSG00000267429
1252,AC008736.1,ENSG00000267475
1253,AC002546.2,ENSG00000267653
1254,AC022098.2,ENSG00000267670
1255,AC067796.1,ENSG00000267752
1256,AC011478.1,ENSG00000267760
1257,MIR4527HG,ENSG00000267761
1258,LINC01999,ENSG00000267772
1259,AC243967.1,ENSG00000267881
1260,SLC6A14,ENSG00000268104
1261,AC008743.1,ENSG00000268231
1262,VN1R78P,ENSG00000268272
1263,IGFL2-AS1,ENSG00000268621
1264,AC008737.1,ENSG00000268743
1265,AC022432.1,ENSG00000268747
1266,AC009955.3,ENSG00000268896
1267,AC022239.4,ENSG00000269954
1268,AC009108.3,ENSG00000270020
1269,AC004080.4,ENSG00000270182
1270,BNIP3P31,ENSG00000270191
1271,AC008738.6,ENSG00000270212
1272,HIST2H4B,ENSG00000270276
1273,AL132655.3,ENSG00000270279
1274,AL499605.1,ENSG00000270342
1275,AC115621.1,ENSG00000270387
1276,PEBP1P2,ENSG00000270532
1277,AL451044.1,ENSG00000270549
1278,AC099777.1,ENSG00000270772
1279,AC008013.3,ENSG00000270926
1280,AC108738.1,ENSG00000271052
1281,BNIP3P28,ENSG00000271095
1282,AC008608.1,ENSG00000271128
1283,AL109936.2,ENSG00000271420
1284,CCL5,ENSG00000271503
1285,AL021368.1,ENSG00000271761
1286,SNORA51:12,ENSG00000271798
1287,AC025754.2,ENSG00000271874
1288,AC026790.2,ENSG00000271892
1289,AC023302.1,ENSG00000271983
1290,AC008966.2,ENSG00000272123
1291,AF106564.1,ENSG00000272163
1292,CASC15,ENSG00000272168
1293,AL590438.1,ENSG00000272235
1294,AC004908.1,ENSG00000272240
1295,RNA5SP386,ENSG00000272253
1296,AL160408.5,ENSG00000272362
1297,AC009102.2,ENSG00000272372
1298,RN7SL840P,ENSG00000272536
1299,AC005014.3,ENSG00000272537
1300,AC010976.2,ENSG00000272789
1301,AL135786.2,ENSG00000272866
1302,AP005229.2,ENSG00000273119
1303,AL359962.2,ENSG00000273160
1304,AC019193.3,ENSG00000273180
1305,AC090912.3,ENSG00000273232
1306,CYP4F36P,ENSG00000273330
1307,AC007663.4,ENSG00000273343
1308,AL353801.3,ENSG00000273363
1309,AGBL1,ENSG00000273540
1310,AC244100.1,ENSG00000273736
1311,CEACAM20,ENSG00000273777
1312,AC008033.3,ENSG00000273824
1313,LINC01660,ENSG00000274044
1314,TBC1D3J,ENSG00000274658
1315,BX072579.2,ENSG00000274766
1316,AC145212.1,ENSG00000274847
1317,AL135936.1,ENSG00000274863
1318,AL136317.2,ENSG00000274893
1319,AC015574.1,ENSG00000275016
1320,AC026469.1,ENSG00000275088
1321,AC103691.2,ENSG00000275332
1322,AL080312.2,ENSG00000275358
1323,FCGBP,ENSG00000275395
1324,AC135507.2,ENSG00000275607
1325,Metazoa_SRP:69,ENSG00000275696
1326,PRSS2,ENSG00000275896
1327,AC110285.6,ENSG00000275966
1328,CCL4L2,ENSG00000276070
1329,CCL3L3,ENSG00000276085
1330,FUT8-AS1,ENSG00000276116
1331,LINC00540,ENSG00000276476
1332,DACH1,ENSG00000276644
1333,AC244093.2,ENSG00000276810
1334,MIAT_exon5_3,ENSG00000276991
1335,RN7SL88P,ENSG00000277062
1336,5S_rRNA:12,ENSG00000277411
1337,AC245407.1,ENSG00000277420
1338,Xist_exon4,ENSG00000277577
1339,RNVU1-4,ENSG00000277610
1340,CCL3,ENSG00000277632
1341,AL356652.1,ENSG00000278367
1342,AC015712.7,ENSG00000278456
1343,Metazoa_SRP:152,ENSG00000278569
1344,AC013553.4,ENSG00000278737
1345,LINC00624,ENSG00000278811
1346,AC092724.1,ENSG00000278862
1347,AC080112.4,ENSG00000278918
1348,AC078883.4,ENSG00000278924
1349,AC005753.1,ENSG00000278925
1350,AC093909.6,ENSG00000278974
1351,AC105052.3,ENSG00000279168
1352,AC073263.3,ENSG00000279201
1353,AP003072.4,ENSG00000279304
1354,AC137723.2,ENSG00000279372
1355,AC112497.1,ENSG00000279413
1356,AC109446.4,ENSG00000279490
1357,AC007342.8,ENSG00000279741
1358,AC012317.2,ENSG00000279756
1359,AC237221.2,ENSG00000280225
1360,AC009229.4,ENSG00000280276
1361,LINC02204,ENSG00000280639
1362,KCNIP4-IT1,ENSG00000280650
1363,AL606763.1,ENSG00000281091
1364,SCHLAP1,ENSG00000281131
1365,PISRT1:1,ENSG00000281473
1366,WASH5P,ENSG00000282458
1367,AC090164.4,ENSG00000282793
1368,AC000035.1,ENSG00000282816
1369,MGC4859,ENSG00000283117
1370,MTND2P41,ENSG00000283131
1371,AC139493.2,ENSG00000283235
1372,U6:14,ENSG00000283249
1373,AL035685.1,ENSG00000283529
1374,LINC02341,ENSG00000283554
1375,AC002407.1,ENSG00000283638
1376,MIR7112,ENSG00000284054
1377,LINC01226,ENSG00000284543
1378,Cdc45,ENSMUSG00000000028
1379,Scmh1,ENSMUSG00000000085
1380,Fer,ENSMUSG00000000127
1381,Ccnd2,ENSMUSG00000000184
1382,Slfn4,ENSMUSG00000000204
1383,Scpep1,ENSMUSG00000000278
1384,Sept1,ENSMUSG00000000486
1385,Itga5,ENSMUSG00000000555
1386,Sox9,ENSMUSG00000000567
1387,Aire,ENSMUSG00000000731
1388,Rpl13,ENSMUSG00000000740
1389,Serpinf1,ENSMUSG00000000753
1390,Usp32,ENSMUSG00000000804
1391,S100a4,ENSMUSG00000001020
1392,S100a6,ENSMUSG00000001025
1393,Mfsd10,ENSMUSG00000001082
1394,Rarg,ENSMUSG00000001288
1395,Rrp15,ENSMUSG00000001305
1396,Snd1,ENSMUSG00000001424
1397,Kpnb1,ENSMUSG00000001440
1398,Npepps,ENSMUSG00000001441
1399,Cyp51,ENSMUSG00000001467
1400,Col1a1,ENSMUSG00000001506
1401,Itfg2,ENSMUSG00000001518
1402,Tubb5,ENSMUSG00000001525
1403,Ifrd1,ENSMUSG00000001627
1404,Akr1b3,ENSMUSG00000001642
1405,Akt1,ENSMUSG00000001729
1406,Capns1,ENSMUSG00000001794
1407,Ltbp1,ENSMUSG00000001870
1408,Nacc1,ENSMUSG00000001910
1409,Nfix,ENSMUSG00000001911
1410,Kmt2a,ENSMUSG00000002028
1411,Supt6,ENSMUSG00000002052
1412,Unc119,ENSMUSG00000002058
1413,Celf2,ENSMUSG00000002107
1414,Rmnd5a,ENSMUSG00000002222
1415,Dbf4,ENSMUSG00000002297
1416,Mdp1,ENSMUSG00000002329
1417,Snx9,ENSMUSG00000002365
1418,Braf,ENSMUSG00000002413
1419,Rgs20,ENSMUSG00000002459
1420,Axl,ENSMUSG00000002602
1421,Med6,ENSMUSG00000002679
1422,Prkd1,ENSMUSG00000002688
1423,Baz1b,ENSMUSG00000002748
1424,Pla1a,ENSMUSG00000002847
1425,Ap1m1,ENSMUSG00000003033
1426,Cdk12,ENSMUSG00000003119
1427,Sh3gl1,ENSMUSG00000003200
1428,Ranbp2,ENSMUSG00000003226
1429,Glg1,ENSMUSG00000003316
1430,Mob3a,ENSMUSG00000003348
1431,Med29,ENSMUSG00000003444
1432,Ncstn,ENSMUSG00000003458
1433,Cp,ENSMUSG00000003617
1434,Mast2,ENSMUSG00000003810
1435,Calr,ENSMUSG00000003814
1436,Nfat5,ENSMUSG00000003847
1437,Nqo1,ENSMUSG00000003849
1438,Zfp81,ENSMUSG00000003929
1439,Hlf,ENSMUSG00000003949
1440,Rpl8,ENSMUSG00000003970
1441,Ssbp2,ENSMUSG00000003992
1442,Stat3,ENSMUSG00000004040
1443,Cavin1,ENSMUSG00000004044
1444,Cwc15,ENSMUSG00000004096
1445,Clcn3,ENSMUSG00000004319
1446,Utp20,ENSMUSG00000004356
1447,Large1,ENSMUSG00000004383
1448,Bid,ENSMUSG00000004446
1449,Dnajb11,ENSMUSG00000004460
1450,Wwox,ENSMUSG00000004637
1451,Polr2e,ENSMUSG00000004667
1452,Ccdc130,ENSMUSG00000004994
1453,Cd44,ENSMUSG00000005087
1454,Ndrg1,ENSMUSG00000005125
1455,Slc1a3,ENSMUSG00000005360
1456,Fbxo11,ENSMUSG00000005371
1457,Nid1,ENSMUSG00000005397
1458,Mprip,ENSMUSG00000005417
1459,Celf1,ENSMUSG00000005506
1460,Igf1r,ENSMUSG00000005533
1461,Pard6a,ENSMUSG00000005699
1462,Slc30a4,ENSMUSG00000005802
1463,Gpr108,ENSMUSG00000005823
1464,Rsl1d1,ENSMUSG00000005846
1465,Ncoa2,ENSMUSG00000005886
1466,Tpr,ENSMUSG00000006005
1467,Prg4,ENSMUSG00000006014
1468,Cdkal1,ENSMUSG00000006191
1469,Fblim1,ENSMUSG00000006219
1470,Aamp,ENSMUSG00000006299
1471,Cyba,ENSMUSG00000006519
1472,P4htm,ENSMUSG00000006675
1473,Pola1,ENSMUSG00000006678
1474,Cdc42,ENSMUSG00000006699
1475,Tspan31,ENSMUSG00000006736
1476,Kif5b,ENSMUSG00000006740
1477,Gatad1,ENSMUSG00000007415
1478,M6pr,ENSMUSG00000007458
1479,Rad51c,ENSMUSG00000007646
1480,Bcl2l1,ENSMUSG00000007659
1481,Khsrp,ENSMUSG00000007670
1482,Dio2,ENSMUSG00000007682
1483,Twist2,ENSMUSG00000007805
1484,Zmiz1,ENSMUSG00000007817
1485,Hnrnpa0,ENSMUSG00000007836
1486,Ctsd,ENSMUSG00000007891
1487,Rplp1,ENSMUSG00000007892
1488,Fhl2,ENSMUSG00000008136
1489,Tle1,ENSMUSG00000008305
1490,Elk3,ENSMUSG00000008398
1491,Adam21,ENSMUSG00000008438
1492,Nfib,ENSMUSG00000008575
1493,Tmem184b,ENSMUSG00000009035
1494,Nav1,ENSMUSG00000009418
1495,Tnpo1,ENSMUSG00000009470
1496,Cbx5,ENSMUSG00000009575
1497,Mcu,ENSMUSG00000009647
1498,Slc3a2,ENSMUSG00000010095
1499,Eya4,ENSMUSG00000010461
1500,Ebf3,ENSMUSG00000010476
1501,Faf1,ENSMUSG00000010517
1502,Rbm25,ENSMUSG00000010608
1503,Ccnt1,ENSMUSG00000011960
1504,Dhdds,ENSMUSG00000012117
1505,Tex22,ENSMUSG00000012211
1506,Kif11,ENSMUSG00000012443
1507,Rps5,ENSMUSG00000012848
1508,Igf2bp1,ENSMUSG00000013415
1509,Pten,ENSMUSG00000013663
1510,Tmem259,ENSMUSG00000013858
1511,Bicc1,ENSMUSG00000014329
1512,Piezo1,ENSMUSG00000014444
1513,Ankrd28,ENSMUSG00000014496
1514,Csf1,ENSMUSG00000014599
1515,Hoxa2,ENSMUSG00000014704
1516,Ppp1cb,ENSMUSG00000014956
1517,Actn1,ENSMUSG00000015143
1518,Serac1,ENSMUSG00000015659
1519,Eps8,ENSMUSG00000015766
1520,Lcorl,ENSMUSG00000015882
1521,Ppdpf,ENSMUSG00000016344
1522,E2f3,ENSMUSG00000016477
1523,Plgrkt,ENSMUSG00000016495
1524,Mapkapk2,ENSMUSG00000016528
1525,Lamp2,ENSMUSG00000016534
1526,Atxn10,ENSMUSG00000016541
1527,Eif3d,ENSMUSG00000016554
1528,Pacsin2,ENSMUSG00000016664
1529,Slpi,ENSMUSG00000017002
1530,Brca1,ENSMUSG00000017146
1531,Taok1,ENSMUSG00000017291
1532,Nlk,ENSMUSG00000017376
1533,Timp2,ENSMUSG00000017466
1534,Atad5,ENSMUSG00000017550
1535,Zfp334,ENSMUSG00000017667
1536,Etv4,ENSMUSG00000017724
1537,Sgk2,ENSMUSG00000017868
1538,Ptgis,ENSMUSG00000017969
1539,Cyth3,ENSMUSG00000018001
1540,Med13l,ENSMUSG00000018076
1541,Pfn1,ENSMUSG00000018293
1542,Ywhab,ENSMUSG00000018326
1543,Kpna2,ENSMUSG00000018362
1544,Smurf2,ENSMUSG00000018363
1545,Kansl1,ENSMUSG00000018412
1546,Myo1b,ENSMUSG00000018417
1547,C1qbp,ENSMUSG00000018446
1548,Appbp2,ENSMUSG00000018481
1549,Ncor1,ENSMUSG00000018501
1550,Pip4k2b,ENSMUSG00000018547
1551,Sparc,ENSMUSG00000018593
1552,Aatf,ENSMUSG00000018697
1553,Dync1h1,ENSMUSG00000018707
1554,Rars,ENSMUSG00000018848
1555,Sart3,ENSMUSG00000018974
1556,Rab3d,ENSMUSG00000019066
1557,Ccl9,ENSMUSG00000019122
1558,H13,ENSMUSG00000019188
1559,Akt3,ENSMUSG00000019699
1560,Stxbp5,ENSMUSG00000019790
1561,Sec63,ENSMUSG00000019802
1562,Utrn,ENSMUSG00000019820
1563,Rab32,ENSMUSG00000019832
1564,Serinc1,ENSMUSG00000019877
1565,Ptprk,ENSMUSG00000019889
1566,Ppp1r12a,ENSMUSG00000019907
1567,P4ha1,ENSMUSG00000019916
1568,Ube2d1,ENSMUSG00000019927
1569,Cdk1,ENSMUSG00000019942
1570,Atp2b1,ENSMUSG00000019943
1571,Arid5b,ENSMUSG00000019947
1572,Tmpo,ENSMUSG00000019961
1573,Kitl,ENSMUSG00000019966
1574,Epb41l2,ENSMUSG00000019978
1575,Nedd1,ENSMUSG00000019988
1576,Ctgf,ENSMUSG00000019997
1577,Nuak1,ENSMUSG00000020032
1578,Timp3,ENSMUSG00000020044
1579,Hsp90b1,ENSMUSG00000020048
1580,Dram1,ENSMUSG00000020057
1581,Sirt1,ENSMUSG00000020063
1582,Ddx21,ENSMUSG00000020075
1583,Tysnd1,ENSMUSG00000020087
1584,Pno1,ENSMUSG00000020116
1585,Usp15,ENSMUSG00000020124
1586,2310011J03Rik,ENSMUSG00000020133
1587,Slc1a4,ENSMUSG00000020142
1588,Cnot2,ENSMUSG00000020166
1589,Frs2,ENSMUSG00000020170
1590,Grb10,ENSMUSG00000020176
1591,Mdm2,ENSMUSG00000020184
1592,Vps13d,ENSMUSG00000020220
1593,Hmg20b,ENSMUSG00000020232
1594,Fzr1,ENSMUSG00000020235
1595,Col6a2,ENSMUSG00000020241
1596,Stc2,ENSMUSG00000020303
1597,Sptbn1,ENSMUSG00000020315
1598,Hmmr,ENSMUSG00000020330
1599,Hnrnpab,ENSMUSG00000020358
1600,Hspa4,ENSMUSG00000020361
1601,Canx,ENSMUSG00000020368
1602,Myo1g,ENSMUSG00000020437
1603,Rtn4,ENSMUSG00000020458
1604,Efemp1,ENSMUSG00000020467
1605,Aebp1,ENSMUSG00000020473
1606,Polm,ENSMUSG00000020474
1607,Ska2,ENSMUSG00000020492
1608,Smg8,ENSMUSG00000020495
1609,Rps6kb1,ENSMUSG00000020516
1610,Ggnbp2,ENSMUSG00000020530
1611,Acaca,ENSMUSG00000020532
1612,Rock2,ENSMUSG00000020580
1613,Abca8b,ENSMUSG00000020620
1614,Rdh14,ENSMUSG00000020621
1615,Rab10,ENSMUSG00000020671
1616,Cdc27,ENSMUSG00000020687
1617,Tlk2,ENSMUSG00000020694
1618,Mrc2,ENSMUSG00000020695
1619,Rffl,ENSMUSG00000020696
1620,Map3k3,ENSMUSG00000020700
1621,Nf1,ENSMUSG00000020716
1622,Ddx5,ENSMUSG00000020719
1623,Helz,ENSMUSG00000020721
1624,Jpt1,ENSMUSG00000020737
1625,Pafah1b1,ENSMUSG00000020745
1626,Ube2o,ENSMUSG00000020802
1627,1810032O08Rik,ENSMUSG00000020812
1628,Cpd,ENSMUSG00000020841
1629,Nxn,ENSMUSG00000020844
1630,Spag9,ENSMUSG00000020859
1631,Dlg4,ENSMUSG00000020886
1632,Aurkb,ENSMUSG00000020897
1633,Myh10,ENSMUSG00000020900
1634,Top2a,ENSMUSG00000020914
1635,Acly,ENSMUSG00000020917
1636,Dcakd,ENSMUSG00000020935
1637,Strn3,ENSMUSG00000020954
1638,Dnaaf2,ENSMUSG00000020973
1639,Tomm20l,ENSMUSG00000021078
1640,Timm9,ENSMUSG00000021079
1641,Zfp36l1,ENSMUSG00000021127
1642,Fbln5,ENSMUSG00000021186
1643,Trip11,ENSMUSG00000021188
1644,Atxn3,ENSMUSG00000021189
1645,Numb,ENSMUSG00000021224
1646,Aldh6a1,ENSMUSG00000021238
1647,Tmed10,ENSMUSG00000021248
1648,Gli3,ENSMUSG00000021318
1649,Mrs2,ENSMUSG00000021339
1650,Gpld1,ENSMUSG00000021340
1651,Nedd9,ENSMUSG00000021365
1652,Cenpp,ENSMUSG00000021391
1653,Ssr1,ENSMUSG00000021427
1654,Ctsl,ENSMUSG00000021477
1655,Pdlim7,ENSMUSG00000021493
1656,B4galt7,ENSMUSG00000021504
1657,Vcan,ENSMUSG00000021614
1658,Pde4d,ENSMUSG00000021699
1659,Dhfr,ENSMUSG00000021707
1660,Erbin,ENSMUSG00000021709
1661,Nln,ENSMUSG00000021710
1662,Cwc27,ENSMUSG00000021715
1663,Fgf10,ENSMUSG00000021732
1664,Ptprg,ENSMUSG00000021745
1665,Ndufs4,ENSMUSG00000021764
1666,Nr1d2,ENSMUSG00000021775
1667,Thrb,ENSMUSG00000021779
1668,Dlg5,ENSMUSG00000021782
1669,Vcl,ENSMUSG00000021823
1670,Ero1l,ENSMUSG00000021831
1671,Samd4,ENSMUSG00000021838
1672,Ktn1,ENSMUSG00000021843
1673,Slmap,ENSMUSG00000021870
1674,Nisch,ENSMUSG00000021910
1675,Ctsb,ENSMUSG00000021939
1676,Slc25a30,ENSMUSG00000022003
1677,Naa16,ENSMUSG00000022020
1678,Diaph3,ENSMUSG00000022021
1679,Fam160b2,ENSMUSG00000022095
1680,Spry2,ENSMUSG00000022114
1681,Mbnl2,ENSMUSG00000022139
1682,Nipbl,ENSMUSG00000022141
1683,Osmr,ENSMUSG00000022146
1684,Oxct1,ENSMUSG00000022186
1685,Zscan26,ENSMUSG00000022228
1686,Sema5a,ENSMUSG00000022231
1687,Rai14,ENSMUSG00000022246
1688,Mtdh,ENSMUSG00000022255
1689,Trio,ENSMUSG00000022263
1690,Ank,ENSMUSG00000022265
1691,Myo10,ENSMUSG00000022272
1692,Slc25a32,ENSMUSG00000022299
1693,Zfpm2,ENSMUSG00000022306
1694,Angpt1,ENSMUSG00000022309
1695,Stk3,ENSMUSG00000022329
1696,Atad2,ENSMUSG00000022360
1697,Asap1,ENSMUSG00000022377
1698,Fam49b,ENSMUSG00000022378
1699,Brd1,ENSMUSG00000022387
1700,Rangap1,ENSMUSG00000022391
1701,St13,ENSMUSG00000022403
1702,Dscc1,ENSMUSG00000022422
1703,Parvb,ENSMUSG00000022438
1704,Myh9,ENSMUSG00000022443
1705,Twf1,ENSMUSG00000022451
1706,Slc38a2,ENSMUSG00000022462
1707,Hdac7,ENSMUSG00000022475
1708,Polr3h,ENSMUSG00000022476
1709,Vdr,ENSMUSG00000022479
1710,Crebbp,ENSMUSG00000022521
1711,Atp13a3,ENSMUSG00000022533
1712,Plec,ENSMUSG00000022565
1713,Ly6e,ENSMUSG00000022587
1714,Ptk2,ENSMUSG00000022607
1715,Yaf2,ENSMUSG00000022634
1716,Dubr,ENSMUSG00000022639
1717,Bbx,ENSMUSG00000022641
1718,Snai2,ENSMUSG00000022676
1719,Pdxdc1,ENSMUSG00000022680
1720,Ntan1,ENSMUSG00000022681
1721,Parn,ENSMUSG00000022685
1722,Zbtb20,ENSMUSG00000022708
1723,Usp7,ENSMUSG00000022710
1724,Cmss1,ENSMUSG00000022748
1725,Dlg1,ENSMUSG00000022770
1726,Pak2,ENSMUSG00000022781
1727,Gsk3b,ENSMUSG00000022812
1728,Fstl1,ENSMUSG00000022816
1729,Ndufb4,ENSMUSG00000022820
1730,App,ENSMUSG00000022892
1731,Adamts1,ENSMUSG00000022893
1732,Brwd1,ENSMUSG00000022914
1733,Runx1,ENSMUSG00000022952
1734,Tmbim6,ENSMUSG00000023010
1735,Faim2,ENSMUSG00000023011
1736,Cers5,ENSMUSG00000023021
1737,Lima1,ENSMUSG00000023022
1738,Slc11a2,ENSMUSG00000023030
1739,Igfbp6,ENSMUSG00000023046
1740,Lrrc71,ENSMUSG00000023084
1741,Abcc1,ENSMUSG00000023088
1742,Slc38a1,ENSMUSG00000023169
1743,Bsg,ENSMUSG00000023175
1744,Parp3,ENSMUSG00000023249
1745,Tpi1,ENSMUSG00000023456
1746,Tiam2,ENSMUSG00000023800
1747,Igf2r,ENSMUSG00000023830
1748,Acat2,ENSMUSG00000023832
1749,Lnpep,ENSMUSG00000023845
1750,Chd1,ENSMUSG00000023852
1751,Pde10a,ENSMUSG00000023868
1752,Thbs2,ENSMUSG00000023885
1753,Tbc1d5,ENSMUSG00000023923
1754,Cdc5l,ENSMUSG00000023932
1755,Hsp90ab1,ENSMUSG00000023944
1756,Fbxl17,ENSMUSG00000023965
1757,Taf8,ENSMUSG00000023980
1758,Bysl,ENSMUSG00000023988
1759,Nfya,ENSMUSG00000023994
1760,Brd4,ENSMUSG00000024002
1761,Epb41l3,ENSMUSG00000024044
1762,Smchd1,ENSMUSG00000024054
1763,Xdh,ENSMUSG00000024066
1764,Birc6,ENSMUSG00000024073
1765,Crim1,ENSMUSG00000024074
1766,Pja2,ENSMUSG00000024083
1767,Man2a1,ENSMUSG00000024085
1768,Lrpprc,ENSMUSG00000024120
1769,E4f1,ENSMUSG00000024137
1770,C3:1,ENSMUSG00000024164
1771,Rgs11,ENSMUSG00000024186
1772,Zeb1,ENSMUSG00000024238
1773,Map4k3,ENSMUSG00000024242
1774,Thada,ENSMUSG00000024251
1775,Cdh2,ENSMUSG00000024304
1776,Spata24,ENSMUSG00000024352
1777,Hspa9,ENSMUSG00000024359
1778,Ankhd1,ENSMUSG00000024483
1779,Lox,ENSMUSG00000024529
1780,Spire1,ENSMUSG00000024533
1781,Ldlrad4,ENSMUSG00000024544
1782,Setbp1,ENSMUSG00000024548
1783,Nedd4l,ENSMUSG00000024589
1784,Gnaq,ENSMUSG00000024639
1785,Psat1,ENSMUSG00000024640
1786,Anxa1,ENSMUSG00000024659
1787,Fth1,ENSMUSG00000024661
1788,Tmem138,ENSMUSG00000024666
1789,Rtn3,ENSMUSG00000024758
1790,Naa40,ENSMUSG00000024764
1791,Lipa,ENSMUSG00000024781
1792,Ak3,ENSMUSG00000024782
1793,Zfpl1,ENSMUSG00000024792
1794,Kif20b,ENSMUSG00000024795
1795,Ankrd1,ENSMUSG00000024803
1796,Tnks2,ENSMUSG00000024811
1797,Rps6kb2,ENSMUSG00000024830
1798,Chka,ENSMUSG00000024843
1799,Sf3b2,ENSMUSG00000024853
1800,Pacs1,ENSMUSG00000024855
1801,Ppp6r3,ENSMUSG00000024908
1802,Fosl1,ENSMUSG00000024912
1803,Smc5,ENSMUSG00000024943
1804,Prdx5,ENSMUSG00000024953
1805,Stip1,ENSMUSG00000024966
1806,Zdhhc6,ENSMUSG00000024982
1807,Vti1a,ENSMUSG00000024983
1808,Tcf7l2,ENSMUSG00000024985
1809,Eif3a,ENSMUSG00000024991
1810,Aldh18a1,ENSMUSG00000025007
1811,Tm9sf3,ENSMUSG00000025016
1812,Lcor,ENSMUSG00000025019
1813,Xpnpep1,ENSMUSG00000025027
1814,Fundc1,ENSMUSG00000025040
1815,Slk,ENSMUSG00000025060
1816,Gsto1,ENSMUSG00000025068
1817,Hdgfl3,ENSMUSG00000025104
1818,P4hb,ENSMUSG00000025130
1819,Maged1,ENSMUSG00000025151
1820,Mms19,ENSMUSG00000025159
1821,Scd2,ENSMUSG00000025203
1822,Mgea5,ENSMUSG00000025220
1823,Gbf1,ENSMUSG00000025224
1824,Arih1,ENSMUSG00000025234
1825,Tbl1x,ENSMUSG00000025246
1826,Zfhx4,ENSMUSG00000025255
1827,Huwe1,ENSMUSG00000025261
1828,Flnb,ENSMUSG00000025278
1829,Sat1,ENSMUSG00000025283
1830,Itgb8,ENSMUSG00000025321
1831,Cd63,ENSMUSG00000025351
1832,Pa2g4,ENSMUSG00000025364
1833,Atp5b,ENSMUSG00000025393
1834,Lmntd2,ENSMUSG00000025500
1835,Farp1,ENSMUSG00000025555
1836,Tnrc6c,ENSMUSG00000025571
1837,Mkln1,ENSMUSG00000025609
1838,Sec11a,ENSMUSG00000025724
1839,Rhot2,ENSMUSG00000025733
1840,Hspa4l,ENSMUSG00000025757
1841,Atp5c1,ENSMUSG00000025781
1842,Slco3a1,ENSMUSG00000025790
1843,Rpl14,ENSMUSG00000025794
1844,Itgb1,ENSMUSG00000025809
1845,Pard3,ENSMUSG00000025812
1846,Prkar1b,ENSMUSG00000025855
1847,Rb1cc1,ENSMUSG00000025907
1848,Mybl1,ENSMUSG00000025912
1849,Terf1,ENSMUSG00000025925
1850,Idh1,ENSMUSG00000025950
1851,Klf7,ENSMUSG00000025959
1852,Adam23,ENSMUSG00000025964
1853,Ndufs1,ENSMUSG00000025968
1854,Nrp2,ENSMUSG00000025969
1855,Hspd1,ENSMUSG00000025980
1856,Acadl,ENSMUSG00000026003
1857,Raph1,ENSMUSG00000026014
1858,Clk1,ENSMUSG00000026034
1859,Orc2,ENSMUSG00000026037
1860,Sgo2a,ENSMUSG00000026039
1861,Col5a2,ENSMUSG00000026042
1862,Col3a1,ENSMUSG00000026043
1863,Il1rl1,ENSMUSG00000026069
1864,Il1r1,ENSMUSG00000026072
1865,Map4k4,ENSMUSG00000026074
1866,Npas2,ENSMUSG00000026077
1867,Rev1,ENSMUSG00000026082
1868,Gls,ENSMUSG00000026103
1869,Tmem131,ENSMUSG00000026116
1870,Dst,ENSMUSG00000026131
1871,Fam135a,ENSMUSG00000026153
1872,Ogfrl1,ENSMUSG00000026158
1873,Fn1,ENSMUSG00000026193
1874,Ptprn,ENSMUSG00000026204
1875,Trip12,ENSMUSG00000026219
1876,Ncl,ENSMUSG00000026234
1877,Klhl30,ENSMUSG00000026308
1878,Hdac4,ENSMUSG00000026313
1879,Pam,ENSMUSG00000026335
1880,Actr3,ENSMUSG00000026341
1881,Mcm6,ENSMUSG00000026355
1882,Rgs2,ENSMUSG00000026360
1883,Tsn,ENSMUSG00000026374
1884,Ptpn4,ENSMUSG00000026384
1885,Dbi,ENSMUSG00000026385
1886,Steap3,ENSMUSG00000026389
1887,Nek7,ENSMUSG00000026393
1888,Tnni1,ENSMUSG00000026418
1889,Srgap2,ENSMUSG00000026425
1890,Nucks1,ENSMUSG00000026434
1891,Cdk18,ENSMUSG00000026437
1892,Lamc1,ENSMUSG00000026478
1893,Kif26b,ENSMUSG00000026494
1894,Ifi211,ENSMUSG00000026536
1895,Prrx1,ENSMUSG00000026586
1896,Abl2,ENSMUSG00000026596
1897,Soat1,ENSMUSG00000026600
1898,Cenpf,ENSMUSG00000026605
1899,Nmt2,ENSMUSG00000026643
1900,Frmd4a,ENSMUSG00000026657
1901,Ddr2,ENSMUSG00000026674
1902,Enkur,ENSMUSG00000026679
1903,Rabgap1l,ENSMUSG00000026721
1904,Vim,ENSMUSG00000026728
1905,Dnajc1,ENSMUSG00000026740
1906,Mllt10,ENSMUSG00000026743
1907,Ppp6c,ENSMUSG00000026753
1908,Mastl,ENSMUSG00000026779
1909,Dnm1,ENSMUSG00000026825
1910,Nr4a2,ENSMUSG00000026826
1911,BC005624,ENSMUSG00000026851
1912,Hspa5,ENSMUSG00000026864
1913,Zeb2,ENSMUSG00000026872
1914,Grb14,ENSMUSG00000026888
1915,Psmd14,ENSMUSG00000026914
1916,Mamdc4,ENSMUSG00000026941
1917,Sapcd2,ENSMUSG00000026955
1918,Uap1l1,ENSMUSG00000026956
1919,Dpp7,ENSMUSG00000026958
1920,Rbms1,ENSMUSG00000026970
1921,Baz2b,ENSMUSG00000026987
1922,Nckap1,ENSMUSG00000027002
1923,Slc25a12,ENSMUSG00000027010
1924,P2rx3,ENSMUSG00000027071
1925,Timm10,ENSMUSG00000027076
1926,Ola1,ENSMUSG00000027108
1927,Sp3,ENSMUSG00000027109
1928,Kif18a,ENSMUSG00000027115
1929,Trim44,ENSMUSG00000027189
1930,Hsd17b12,ENSMUSG00000027195
1931,Fgf7,ENSMUSG00000027208
1932,Meis2,ENSMUSG00000027210
1933,Frmd5,ENSMUSG00000027238
1934,Pdia3,ENSMUSG00000027248
1935,Map1a,ENSMUSG00000027254
1936,Zfp106,ENSMUSG00000027288
1937,Nusap1,ENSMUSG00000027306
1938,4930402H24Rik,ENSMUSG00000027309
1939,Knl1,ENSMUSG00000027326
1940,Trpm7,ENSMUSG00000027365
1941,Sppl2a,ENSMUSG00000027366
1942,Bub1,ENSMUSG00000027379
1943,Idh3b,ENSMUSG00000027406
1944,Rrbp1,ENSMUSG00000027422
1945,Snx5,ENSMUSG00000027423
1946,Cst3,ENSMUSG00000027447
1947,Tpx2,ENSMUSG00000027469
1948,Gnas,ENSMUSG00000027523
1949,Impa1,ENSMUSG00000027531
1950,Rbm39,ENSMUSG00000027620
1951,Rbl1,ENSMUSG00000027641
1952,Dnajc19,ENSMUSG00000027679
1953,Mecom,ENSMUSG00000027684
1954,Ccna2,ENSMUSG00000027715
1955,Mbnl1,ENSMUSG00000027763
1956,Dclk1,ENSMUSG00000027797
1957,Nbea,ENSMUSG00000027799
1958,Tm4sf1,ENSMUSG00000027800
1959,Wwtr1,ENSMUSG00000027803
1960,Tsc22d2,ENSMUSG00000027806
1961,Ngf,ENSMUSG00000027859
1962,Vangl1,ENSMUSG00000027860
1963,Prpf38b,ENSMUSG00000027881
1964,Slc50a1,ENSMUSG00000027953
1965,Fam198b,ENSMUSG00000027955
1966,Pdgfc,ENSMUSG00000028019
1967,Dkk2,ENSMUSG00000028031
1968,Fubp1,ENSMUSG00000028034
1969,Efna3,ENSMUSG00000028039
1970,Ash1l,ENSMUSG00000028053
1971,2810403A07Rik,ENSMUSG00000028060
1972,Lmna,ENSMUSG00000028063
1973,Sema4a,ENSMUSG00000028064
1974,Naxe,ENSMUSG00000028070
1975,Sh3d19,ENSMUSG00000028082
1976,Pip5k1a,ENSMUSG00000028126
1977,Abcd3,ENSMUSG00000028127
1978,Ptbp2,ENSMUSG00000028134
1979,Tspan5,ENSMUSG00000028152
1980,Ppp3ca,ENSMUSG00000028161
1981,Wls,ENSMUSG00000028173
1982,Adgrl2,ENSMUSG00000028184
1983,Pdlim5,ENSMUSG00000028273
1984,Tnc,ENSMUSG00000028364
1985,Txn1,ENSMUSG00000028367
1986,Svep1,ENSMUSG00000028369
1987,Zfp37,ENSMUSG00000028389
1988,Kdm4c,ENSMUSG00000028397
1989,Mpdz,ENSMUSG00000028402
1990,Rad23b,ENSMUSG00000028426
1991,Ubap2,ENSMUSG00000028433
1992,Vcp,ENSMUSG00000028452
1993,Tln1,ENSMUSG00000028465
1994,Psip1,ENSMUSG00000028484
1995,Bnc2,ENSMUSG00000028487
1996,Plin2,ENSMUSG00000028494
1997,Mllt3,ENSMUSG00000028496
1998,Jak1,ENSMUSG00000028530
1999,Cachd1,ENSMUSG00000028532
2000,St3gal3,ENSMUSG00000028538
2001,Dph2,ENSMUSG00000028540
2002,Elavl4,ENSMUSG00000028546
2003,Dock7,ENSMUSG00000028556
2004,Osbpl9,ENSMUSG00000028559
2005,Usp1,ENSMUSG00000028560
2006,Nfia,ENSMUSG00000028565
2007,Plaa,ENSMUSG00000028577
2008,Pum1,ENSMUSG00000028580
2009,Ctps,ENSMUSG00000028633
2010,Ybx1,ENSMUSG00000028639
2011,Macf1,ENSMUSG00000028649
2012,Cap1,ENSMUSG00000028656
2013,Hspg2,ENSMUSG00000028763
2014,Ptp4a2,ENSMUSG00000028788
2015,Khdrbs1,ENSMUSG00000028790
2016,Srrm1,ENSMUSG00000028809
2017,Sfpq,ENSMUSG00000028820
2018,Stmn1,ENSMUSG00000028832
2019,Ago3,ENSMUSG00000028842
2020,Hgf,ENSMUSG00000028864
2021,Sema3a,ENSMUSG00000028883
2022,Cdk14,ENSMUSG00000028926
2023,Cdk5,ENSMUSG00000028969
2024,Car6,ENSMUSG00000028972
2025,Kmt2e,ENSMUSG00000029004
2026,Agtrap,ENSMUSG00000029007
2027,Cptp,ENSMUSG00000029073
2028,Pcdh7,ENSMUSG00000029108
2029,Eif2b4,ENSMUSG00000029145
2030,Ppm1g,ENSMUSG00000029147
2031,Ppargc1a,ENSMUSG00000029167
2032,Ugdh,ENSMUSG00000029201
2033,Pds5a,ENSMUSG00000029202
2034,Ube2k,ENSMUSG00000029203
2035,Apbb2,ENSMUSG00000029207
2036,Fip1l1,ENSMUSG00000029227
2037,Chic2,ENSMUSG00000029229
2038,Pdgfra,ENSMUSG00000029231
2039,Clock,ENSMUSG00000029238
2040,Sult1b1,ENSMUSG00000029269
2041,Tgfbr3,ENSMUSG00000029287
2042,Spp1,ENSMUSG00000029304
2043,Hnrnpdl,ENSMUSG00000029328
2044,Tfip11,ENSMUSG00000029345
2045,Cxcl1,ENSMUSG00000029380
2046,Eif2b1,ENSMUSG00000029388
2047,Rilpl2,ENSMUSG00000029401
2048,G3bp2,ENSMUSG00000029405
2049,U90926,ENSMUSG00000029409
2050,Diablo,ENSMUSG00000029433
2051,Aldh2,ENSMUSG00000029455
2052,Fam216a,ENSMUSG00000029463
2053,Pgam5,ENSMUSG00000029500
2054,Ankle2,ENSMUSG00000029501
2055,Cit,ENSMUSG00000029516
2056,Triap1,ENSMUSG00000029535
2057,Actb,ENSMUSG00000029580
2058,Rita1,ENSMUSG00000029600
2059,Ptcd1,ENSMUSG00000029624
2060,Ndufa4,ENSMUSG00000029632
2061,Pan3,ENSMUSG00000029647
2062,N4bp2l2,ENSMUSG00000029655
2063,Hsph1,ENSMUSG00000029657
2064,Col1a2,ENSMUSG00000029661
2065,Ezh2,ENSMUSG00000029687
2066,Rbm28,ENSMUSG00000029701
2067,Cux1,ENSMUSG00000029705
2068,Pcolce,ENSMUSG00000029718
2069,Zkscan1,ENSMUSG00000029729
2070,Cald1,ENSMUSG00000029761
2071,Exoc4,ENSMUSG00000029763
2072,Igf2bp3,ENSMUSG00000029814
2073,Tra2a,ENSMUSG00000029817
2074,Luc7l2,ENSMUSG00000029823
2075,Prdm5,ENSMUSG00000029913
2076,Pradc1,ENSMUSG00000030008
2077,Zfp638,ENSMUSG00000030016
2078,Ino80b,ENSMUSG00000030034
2079,Foxp1,ENSMUSG00000030067
2080,Plxna1,ENSMUSG00000030084
2081,Ptms,ENSMUSG00000030122
2082,Lag3,ENSMUSG00000030124
2083,Tmcc1,ENSMUSG00000030126
2084,Etv6,ENSMUSG00000030199
2085,Emp1,ENSMUSG00000030208
2086,Plekha5,ENSMUSG00000030231
2087,Srgap3,ENSMUSG00000030257
2088,Bcat1,ENSMUSG00000030268
2089,Etnk1,ENSMUSG00000030275
2090,Cidec,ENSMUSG00000030278
2091,Ergic2,ENSMUSG00000030304
2092,Tamm41,ENSMUSG00000030316
2093,Tspan11,ENSMUSG00000030351
2094,Tspan9,ENSMUSG00000030352
2095,Tead4,ENSMUSG00000030353
2096,Psd3,ENSMUSG00000030465
2097,Blm,ENSMUSG00000030528
2098,Unc45a,ENSMUSG00000030533
2099,Iqgap1,ENSMUSG00000030536
2100,Nr2f2,ENSMUSG00000030551
2101,Sipa1l3,ENSMUSG00000030583
2102,Psmd8,ENSMUSG00000030591
2103,Mfge8,ENSMUSG00000030605
2104,Smg1,ENSMUSG00000030655
2105,Pik3c2a,ENSMUSG00000030660
2106,Aldoa,ENSMUSG00000030695
2107,Eif3c,ENSMUSG00000030738
2108,Lat,ENSMUSG00000030742
2109,Rps3,ENSMUSG00000030744
2110,Dgat2,ENSMUSG00000030747
2111,Far1,ENSMUSG00000030759
2112,Acer3,ENSMUSG00000030760
2113,Parva,ENSMUSG00000030770
2114,Fus,ENSMUSG00000030795
2115,Sergef,ENSMUSG00000030839
2116,Thumpd1,ENSMUSG00000030942
2117,Mki67,ENSMUSG00000031004
2118,Usp9x,ENSMUSG00000031010
2119,Cask,ENSMUSG00000031012
2120,Mtcp1,ENSMUSG00000031200
2121,Msn,ENSMUSG00000031207
2122,Atrx,ENSMUSG00000031229
2123,Magt1,ENSMUSG00000031232
2124,Col4a6,ENSMUSG00000031273
2125,Col4a5,ENSMUSG00000031274
2126,Acsl4,ENSMUSG00000031278
2127,Pak3,ENSMUSG00000031284
2128,Flna,ENSMUSG00000031328
2129,Gabre,ENSMUSG00000031340
2130,Gabra3,ENSMUSG00000031343
2131,Bgn,ENSMUSG00000031375
2132,Psmd10,ENSMUSG00000031429
2133,Morc4,ENSMUSG00000031434
2134,Lamp1,ENSMUSG00000031447
2135,Col4a1,ENSMUSG00000031502
2136,Tnks,ENSMUSG00000031529
2137,Slit2,ENSMUSG00000031558
2138,Wwc2,ENSMUSG00000031563
2139,Fgfr1,ENSMUSG00000031565
2140,Ash2l,ENSMUSG00000031575
2141,Pcm1,ENSMUSG00000031592
2142,Msmo1,ENSMUSG00000031604
2143,Smad1,ENSMUSG00000031681
2144,Slc10a7,ENSMUSG00000031684
2145,Gpt2,ENSMUSG00000031700
2146,Tecr,ENSMUSG00000031708
2147,Hp,ENSMUSG00000031722
2148,Mmp2,ENSMUSG00000031740
2149,Gnao1,ENSMUSG00000031748
2150,Mau2,ENSMUSG00000031858
2151,Maml2,ENSMUSG00000031925
2152,Ankrd49,ENSMUSG00000031931
2153,Taf1d,ENSMUSG00000031939
2154,Tmem231,ENSMUSG00000031951
2155,Egln1,ENSMUSG00000031987
2156,Aplp2,ENSMUSG00000031996
2157,Oaf,ENSMUSG00000032014
2158,Sc5d,ENSMUSG00000032018
2159,Clmp,ENSMUSG00000032024
2160,Kirrel3,ENSMUSG00000032036
2161,Trappc4,ENSMUSG00000032112
2162,Ldlr,ENSMUSG00000032193
2163,Kank2,ENSMUSG00000032194
2164,Sltm,ENSMUSG00000032212
2165,Nedd4,ENSMUSG00000032216
2166,Myo1e,ENSMUSG00000032220
2167,Tcf12,ENSMUSG00000032228
2168,Anxa2,ENSMUSG00000032231
2169,Fem1b,ENSMUSG00000032244
2170,Phip,ENSMUSG00000032253
2171,Kif23,ENSMUSG00000032254
2172,Pkm,ENSMUSG00000032294
2173,Nptn,ENSMUSG00000032336
2174,Tmed3,ENSMUSG00000032353
2175,Tpm1,ENSMUSG00000032366
2176,Csnk1g1,ENSMUSG00000032384
2177,Trip4,ENSMUSG00000032386
2178,Rpl4,ENSMUSG00000032399
2179,Zwilch,ENSMUSG00000032400
2180,Smad3,ENSMUSG00000032402
2181,Pias1,ENSMUSG00000032405
2182,Mrps22,ENSMUSG00000032459
2183,Pik3cb,ENSMUSG00000032462
2184,Map4,ENSMUSG00000032479
2185,Ptgs2,ENSMUSG00000032487
2186,Pdcd6ip,ENSMUSG00000032504
2187,Rpsa,ENSMUSG00000032518
2188,Nktr,ENSMUSG00000032525
2189,Cck,ENSMUSG00000032532
2190,Cep63,ENSMUSG00000032534
2191,Uba5,ENSMUSG00000032557
2192,Gnai2,ENSMUSG00000032562
2193,Rbm5,ENSMUSG00000032580
2194,Rbm6,ENSMUSG00000032582
2195,Thsd7a,ENSMUSG00000032625
2196,2810474O19Rik,ENSMUSG00000032712
2197,Folr2,ENSMUSG00000032725
2198,Ccdc88a,ENSMUSG00000032740
2199,Slc10a3,ENSMUSG00000032806
2200,Zswim6,ENSMUSG00000032846
2201,Arhgef17,ENSMUSG00000032875
2202,Nfyc,ENSMUSG00000032897
2203,Itgbl1,ENSMUSG00000032925
2204,Mycbp2,ENSMUSG00000033004
2205,Ankrd54,ENSMUSG00000033055
2206,Gas7,ENSMUSG00000033066
2207,Phldb2,ENSMUSG00000033149
2208,Mzt1,ENSMUSG00000033186
2209,Ttc28,ENSMUSG00000033209
2210,Scaf11,ENSMUSG00000033228
2211,Lpp,ENSMUSG00000033306
2212,Trappc8,ENSMUSG00000033382
2213,Gtpbp6,ENSMUSG00000033434
2214,Fndc3a,ENSMUSG00000033487
2215,Znrf1,ENSMUSG00000033545
2216,Rbfox2,ENSMUSG00000033565
2217,Igf2bp2,ENSMUSG00000033581
2218,Nrxn2,ENSMUSG00000033768
2219,Exoc6b,ENSMUSG00000033769
2220,Tmem87a,ENSMUSG00000033808
2221,Klf9,ENSMUSG00000033863
2222,Lgals3bp,ENSMUSG00000033880
2223,Aspm,ENSMUSG00000033952
2224,Cct2,ENSMUSG00000034024
2225,Golim4,ENSMUSG00000034109
2226,Sik3,ENSMUSG00000034135
2227,Nsf,ENSMUSG00000034187
2228,Setd5,ENSMUSG00000034269
2229,Med13,ENSMUSG00000034297
2230,Smc4,ENSMUSG00000034349
2231,Mtmr3,ENSMUSG00000034354
2232,Tkfc,ENSMUSG00000034371
2233,Tulp4,ENSMUSG00000034377
2234,Trmt5,ENSMUSG00000034442
2235,Dhrs11,ENSMUSG00000034449
2236,Six4,ENSMUSG00000034460
2237,Pkd2,ENSMUSG00000034462
2238,Diaph2,ENSMUSG00000034480
2239,Gjc1,ENSMUSG00000034520
2240,Rsrc1,ENSMUSG00000034544
2241,Myo5a,ENSMUSG00000034593
2242,Zcchc11,ENSMUSG00000034610
2243,Chst11,ENSMUSG00000034612
2244,Gpatch8,ENSMUSG00000034621
2245,Ankrd12,ENSMUSG00000034647
2246,Cnot6l,ENSMUSG00000034724
2247,Dgkh,ENSMUSG00000034731
2248,Mast4,ENSMUSG00000034751
2249,Tle6,ENSMUSG00000034758
2250,Map4k5,ENSMUSG00000034761
2251,Glis1,ENSMUSG00000034762
2252,Gna11,ENSMUSG00000034781
2253,Zfp661,ENSMUSG00000034800
2254,Dhcr24,ENSMUSG00000034926
2255,Vat1,ENSMUSG00000034993
2256,Eef2,ENSMUSG00000034994
2257,Creb3l3,ENSMUSG00000035041
2258,Secisbp2l,ENSMUSG00000035093
2259,Eif2s3x,ENSMUSG00000035150
2260,Tanc1,ENSMUSG00000035168
2261,Nkx6-1,ENSMUSG00000035187
2262,Lars2,ENSMUSG00000035202
2263,Plekhj1,ENSMUSG00000035278
2264,Mid1,ENSMUSG00000035299
2265,Sec31a,ENSMUSG00000035325
2266,Uvrag,ENSMUSG00000035354
2267,Pdzrn3,ENSMUSG00000035357
2268,Dennd1a,ENSMUSG00000035392
2269,Myo1d,ENSMUSG00000035441
2270,Ankrd11,ENSMUSG00000035569
2271,Zswim4,ENSMUSG00000035671
2272,Dok3,ENSMUSG00000035711
2273,Usp35,ENSMUSG00000035713
2274,Alg12,ENSMUSG00000035845
2275,Ids,ENSMUSG00000035847
2276,Fmnl2,ENSMUSG00000036053
2277,Sigmar1,ENSMUSG00000036078
2278,Colec12,ENSMUSG00000036103
2279,Mbnl3,ENSMUSG00000036109
2280,Gatad2a,ENSMUSG00000036180
2281,Gxylt1,ENSMUSG00000036197
2282,Rif1,ENSMUSG00000036202
2283,Igfbp7,ENSMUSG00000036256
2284,Igsf10,ENSMUSG00000036334
2285,Csgalnact1,ENSMUSG00000036356
2286,Serbp1,ENSMUSG00000036371
2287,Gng12,ENSMUSG00000036402
2288,Fam13b,ENSMUSG00000036501
2289,Cdc42ep3,ENSMUSG00000036533
2290,Cnot1,ENSMUSG00000036550
2291,Plxnb2,ENSMUSG00000036606
2292,Aaas,ENSMUSG00000036678
2293,Kif15,ENSMUSG00000036768
2294,Decr2,ENSMUSG00000036775
2295,Anln,ENSMUSG00000036777
2296,Mbd5,ENSMUSG00000036792
2297,Smad6,ENSMUSG00000036867
2298,Ehmt1,ENSMUSG00000036893
2299,Rap2b,ENSMUSG00000036894
2300,Rab8b,ENSMUSG00000036943
2301,Zfp146,ENSMUSG00000037029
2302,Rbmxl1,ENSMUSG00000037070
2303,Scd1,ENSMUSG00000037071
2304,Socs5,ENSMUSG00000037104
2305,Arhgap10,ENSMUSG00000037148
2306,Fam193a,ENSMUSG00000037210
2307,Syn1,ENSMUSG00000037217
2308,Hook3,ENSMUSG00000037234
2309,Stag1,ENSMUSG00000037286
2310,Capn15,ENSMUSG00000037326
2311,Larp1,ENSMUSG00000037331
2312,4930578C19Rik,ENSMUSG00000037358
2313,Spon2,ENSMUSG00000037379
2314,Serpine1,ENSMUSG00000037411
2315,Tulp1,ENSMUSG00000037446
2316,Uggt1,ENSMUSG00000037470
2317,Ubr5,ENSMUSG00000037487
2318,Vash2,ENSMUSG00000037568
2319,Vps13b,ENSMUSG00000037646
2320,Rfx7,ENSMUSG00000037674
2321,Eef1a1,ENSMUSG00000037742
2322,Ctnna1,ENSMUSG00000037815
2323,Cpe,ENSMUSG00000037852
2324,Jmjd1c,ENSMUSG00000037876
2325,Rcor1,ENSMUSG00000037896
2326,Scarb1,ENSMUSG00000037936
2327,Zc3h7a,ENSMUSG00000037965
2328,Haus6,ENSMUSG00000038047
2329,Cdkn2aip,ENSMUSG00000038069
2330,Fkbp14,ENSMUSG00000038074
2331,Sbno1,ENSMUSG00000038095
2332,Rbm24,ENSMUSG00000038132
2333,Ttc39b,ENSMUSG00000038172
2334,Pdss2,ENSMUSG00000038240
2335,Sobp,ENSMUSG00000038248
2336,Ncapd2,ENSMUSG00000038252
2337,Smg6,ENSMUSG00000038290
2338,Snx25,ENSMUSG00000038291
2339,1700066M21Rik,ENSMUSG00000038323
2340,Satb2,ENSMUSG00000038331
2341,Ncoa6,ENSMUSG00000038369
2342,Sbf2,ENSMUSG00000038371
2343,Gmds,ENSMUSG00000038372
2344,Pmepa1,ENSMUSG00000038400
2345,Scaf1,ENSMUSG00000038406
2346,1700018A04Rik,ENSMUSG00000038408
2347,Egr1,ENSMUSG00000038418
2348,Tbc1d17,ENSMUSG00000038520
2349,Ubn2,ENSMUSG00000038538
2350,BC028528,ENSMUSG00000038543
2351,Ranbp9,ENSMUSG00000038546
2352,Zkscan16,ENSMUSG00000038630
2353,Lpar1,ENSMUSG00000038668
2354,Trps1,ENSMUSG00000038679
2355,Golga4,ENSMUSG00000038708
2356,Pbx3,ENSMUSG00000038718
2357,Ascc3,ENSMUSG00000038774
2358,Smurf1,ENSMUSG00000038780
2359,Cnot4,ENSMUSG00000038784
2360,Garnl3,ENSMUSG00000038860
2361,Zfhx3,ENSMUSG00000038872
2362,Dido1,ENSMUSG00000038914
2363,Prc1,ENSMUSG00000038943
2364,Supt3,ENSMUSG00000038954
2365,Cables2,ENSMUSG00000038990
2366,Ube3c,ENSMUSG00000039000
2367,Cpq,ENSMUSG00000039007
2368,Tasp1,ENSMUSG00000039033
2369,Arpin,ENSMUSG00000039043
2370,Runx2,ENSMUSG00000039153
2371,Ube2h,ENSMUSG00000039159
2372,Naif1,ENSMUSG00000039164
2373,Dap,ENSMUSG00000039168
2374,Nubp2,ENSMUSG00000039183
2375,Rbpj,ENSMUSG00000039191
2376,Srrm2,ENSMUSG00000039218
2377,Fndc3b,ENSMUSG00000039286
2378,Cdk5rap2,ENSMUSG00000039298
2379,Ppl,ENSMUSG00000039457
2380,Tnrc18,ENSMUSG00000039477
2381,Ncam1,ENSMUSG00000039542
2382,Myo9a,ENSMUSG00000039585
2383,Zmynd8,ENSMUSG00000039671
2384,Trp53rka,ENSMUSG00000039725
2385,Trub2,ENSMUSG00000039826
2386,Mcph1,ENSMUSG00000039842
2387,Rere,ENSMUSG00000039852
2388,Dag1,ENSMUSG00000039952
2389,Hip1,ENSMUSG00000039959
2390,Zfp292,ENSMUSG00000039967
2391,Tbc1d16,ENSMUSG00000039976
2392,Magi2,ENSMUSG00000040003
2393,Ythdf2,ENSMUSG00000040025
2394,Ipo8,ENSMUSG00000040029
2395,Cacna2d1,ENSMUSG00000040118
2396,Zmym5,ENSMUSG00000040123
2397,Hs2st1,ENSMUSG00000040151
2398,Prrc2c,ENSMUSG00000040225
2399,Lrp1,ENSMUSG00000040249
2400,BC052040,ENSMUSG00000040282
2401,Map3k10,ENSMUSG00000040390
2402,Akap9,ENSMUSG00000040407
2403,Dtx3,ENSMUSG00000040415
2404,Pitpnc1,ENSMUSG00000040430
2405,Ppp1r15a,ENSMUSG00000040435
2406,Sgms1,ENSMUSG00000040451
2407,Cfap69,ENSMUSG00000040473
2408,Bptf,ENSMUSG00000040481
2409,Ambra1,ENSMUSG00000040506
2410,Pvr,ENSMUSG00000040511
2411,Zfp609,ENSMUSG00000040524
2412,Ckap5,ENSMUSG00000040549
2413,Gstm2,ENSMUSG00000040562
2414,Apobec1,ENSMUSG00000040613
2415,Phc1,ENSMUSG00000040669
2416,Klc3,ENSMUSG00000040714
2417,Scamp5,ENSMUSG00000040722
2418,Hnrnpul1,ENSMUSG00000040725
2419,Lat2,ENSMUSG00000040751
2420,Spen,ENSMUSG00000040761
2421,Psme4,ENSMUSG00000040850
2422,Sh3kbp1,ENSMUSG00000040990
2423,Npnt,ENSMUSG00000040998
2424,Cmtm8,ENSMUSG00000041012
2425,Fam117b,ENSMUSG00000041040
2426,Wdr43,ENSMUSG00000041057
2427,Pla2g5,ENSMUSG00000041193
2428,Arhgap11a,ENSMUSG00000041219
2429,Elovl6,ENSMUSG00000041220
2430,Rusc1,ENSMUSG00000041263
2431,Slc7a1,ENSMUSG00000041313
2432,Pik3r1,ENSMUSG00000041417
2433,Ccnb1,ENSMUSG00000041431
2434,Selenow,ENSMUSG00000041571
2435,Sdk2,ENSMUSG00000041592
2436,Fcho2,ENSMUSG00000041685
2437,Cox6a1,ENSMUSG00000041697
2438,Kirrel,ENSMUSG00000041734
2439,Rnf10,ENSMUSG00000041740
2440,Cir1,ENSMUSG00000041777
2441,Poldip3,ENSMUSG00000041815
2442,Haus1,ENSMUSG00000041840
2443,Tcf20,ENSMUSG00000041852
2444,Ipo9,ENSMUSG00000041879
2445,Wipi1,ENSMUSG00000041895
2446,Znrf3,ENSMUSG00000041961
2447,Spidr,ENSMUSG00000041974
2448,Ncapg2,ENSMUSG00000042029
2449,0610010F05Rik,ENSMUSG00000042208
2450,Ptchd4,ENSMUSG00000042256
2451,Pelo,ENSMUSG00000042275
2452,Mkl1,ENSMUSG00000042292
2453,Ehbp1,ENSMUSG00000042302
2454,Tmem183a,ENSMUSG00000042305
2455,Arl15,ENSMUSG00000042348
2456,Zmym4,ENSMUSG00000042446
2457,Cpa6,ENSMUSG00000042501
2458,Zc3h12a,ENSMUSG00000042677
2459,Mapk6,ENSMUSG00000042688
2460,Dhx9,ENSMUSG00000042699
2461,Sipa1l1,ENSMUSG00000042700
2462,Bmt2,ENSMUSG00000042742
2463,Spice1,ENSMUSG00000043065
2464,Dpy19l1,ENSMUSG00000043067
2465,Hic1,ENSMUSG00000043099
2466,Ppp2r3a,ENSMUSG00000043154
2467,Gpr149,ENSMUSG00000043441
2468,Pars2,ENSMUSG00000043572
2469,Wdfy3,ENSMUSG00000043940
2470,Thrap3,ENSMUSG00000043962
2471,Cep164,ENSMUSG00000043987
2472,Fmn1,ENSMUSG00000044042
2473,Nkrf,ENSMUSG00000044149
2474,Ubr3,ENSMUSG00000044308
2475,Slc16a13,ENSMUSG00000044367
2476,Lncpint,ENSMUSG00000044471
2477,Zfand3,ENSMUSG00000044477
2478,Hjurp,ENSMUSG00000044783
2479,Spata32,ENSMUSG00000044787
2480,Uqcrq,ENSMUSG00000044894
2481,Cfap43,ENSMUSG00000044948
2482,Rnf216,ENSMUSG00000045078
2483,S1pr1,ENSMUSG00000045092
2484,Magi1,ENSMUSG00000045095
2485,Tubb2b,ENSMUSG00000045136
2486,Dpy19l4,ENSMUSG00000045205
2487,Zfp688,ENSMUSG00000045251
2488,Zfp574,ENSMUSG00000045252
2489,Lhfpl2,ENSMUSG00000045312
2490,Cenpe,ENSMUSG00000045328
2491,Mtus1,ENSMUSG00000045636
2492,Spred2,ENSMUSG00000045671
2493,Cavin2,ENSMUSG00000045954
2494,Wnk1,ENSMUSG00000045962
2495,Eif4g1,ENSMUSG00000045983
2496,Cep295,ENSMUSG00000046111
2497,9930021J03Rik,ENSMUSG00000046138
2498,Scaf8,ENSMUSG00000046201
2499,Ccbe1,ENSMUSG00000046318
2500,Ppm1e,ENSMUSG00000046442
2501,Prr12,ENSMUSG00000046574
2502,Ticrr,ENSMUSG00000046591
2503,Olfml2a,ENSMUSG00000046618
2504,Hmga1,ENSMUSG00000046711
2505,Ckap4,ENSMUSG00000046841
2506,Atxn1,ENSMUSG00000046876
2507,Irgm1,ENSMUSG00000046879
2508,Spsb4,ENSMUSG00000046997
2509,Cltc,ENSMUSG00000047126
2510,Zfp654,ENSMUSG00000047141
2511,Ptgs1,ENSMUSG00000047250
2512,Cd3eap,ENSMUSG00000047649
2513,Rps8,ENSMUSG00000047675
2514,Ust,ENSMUSG00000047712
2515,Rnf150,ENSMUSG00000047747
2516,Sned1,ENSMUSG00000047793
2517,Usp14,ENSMUSG00000047879
2518,Rell1,ENSMUSG00000047881
2519,Tnrc6b,ENSMUSG00000047888
2520,Rgmb,ENSMUSG00000048027
2521,Gm4737,ENSMUSG00000048087
2522,Col6a3,ENSMUSG00000048126
2523,Mfap1b,ENSMUSG00000048222
2524,Dip2c,ENSMUSG00000048264
2525,Ankrd46,ENSMUSG00000048307
2526,Lhfp,ENSMUSG00000048332
2527,Bdnf,ENSMUSG00000048482
2528,Igf2,ENSMUSG00000048583
2529,Myof,ENSMUSG00000048612
2530,Cfap100,ENSMUSG00000048794
2531,Slc35e4,ENSMUSG00000048807
2532,Phf3,ENSMUSG00000048874
2533,Efna5,ENSMUSG00000048915
2534,Nr1h5,ENSMUSG00000048938
2535,Acap2,ENSMUSG00000049076
2536,Sephs2,ENSMUSG00000049091
2537,Pdp1,ENSMUSG00000049225
2538,Aff4,ENSMUSG00000049470
2539,Krt82,ENSMUSG00000049548
2540,Clip1,ENSMUSG00000049550
2541,Tsku,ENSMUSG00000049580
2542,Aftph,ENSMUSG00000049659
2543,Morn4,ENSMUSG00000049670
2544,Sertad2,ENSMUSG00000049800
2545,Rlf,ENSMUSG00000049878
2546,Rpp38,ENSMUSG00000049950
2547,Zfp697,ENSMUSG00000050064
2548,Grem2,ENSMUSG00000050069
2549,Nudt6,ENSMUSG00000050174
2550,Lgals3,ENSMUSG00000050335
2551,Hyls1,ENSMUSG00000050555
2552,Ftl1,ENSMUSG00000050708
2553,Tmem37,ENSMUSG00000050777
2554,B3galt6,ENSMUSG00000050796
2555,AI314180,ENSMUSG00000050812
2556,Fam131a,ENSMUSG00000050821
2557,Efcab5,ENSMUSG00000050944
2558,Prkca,ENSMUSG00000050965
2559,Plcb1,ENSMUSG00000051177
2560,Rnf7,ENSMUSG00000051234
2561,Gen1,ENSMUSG00000051235
2562,Msrb3,ENSMUSG00000051236
2563,Taf7,ENSMUSG00000051316
2564,Pcdh19,ENSMUSG00000051323
2565,Cacna1c,ENSMUSG00000051331
2566,Gfod1,ENSMUSG00000051335
2567,Ywhag,ENSMUSG00000051391
2568,Irf2bp2,ENSMUSG00000051495
2569,Zfp579,ENSMUSG00000051550
2570,Nlgn2,ENSMUSG00000051790
2571,Sox6,ENSMUSG00000051910
2572,A330070K13Rik,ENSMUSG00000052014
2573,Tagap1,ENSMUSG00000052031
2574,Klf13,ENSMUSG00000052040
2575,Ltn1,ENSMUSG00000052299
2576,Cemip,ENSMUSG00000052353
2577,Gm9881,ENSMUSG00000052471
2578,Epha3,ENSMUSG00000052504
2579,Nav2,ENSMUSG00000052512
2580,Cyp2j5,ENSMUSG00000052520
2581,Pbx1,ENSMUSG00000052534
2582,Magi3,ENSMUSG00000052539
2583,Cpne8,ENSMUSG00000052560
2584,Hist1h1d,ENSMUSG00000052565
2585,Zmat1,ENSMUSG00000052676
2586,Zfp608,ENSMUSG00000052713
2587,Map1b,ENSMUSG00000052727
2588,Swt1,ENSMUSG00000052748
2589,Sae1,ENSMUSG00000052833
2590,Prkg1,ENSMUSG00000052920
2591,Glis3,ENSMUSG00000052942
2592,Rnf157,ENSMUSG00000052949
2593,Gas1,ENSMUSG00000052957
2594,Yap1,ENSMUSG00000053110
2595,D10Jhu81e,ENSMUSG00000053329
2596,Tcf4,ENSMUSG00000053477
2597,Tanc2,ENSMUSG00000053580
2598,Sh3pxd2a,ENSMUSG00000053617
2599,Ptrh1,ENSMUSG00000053746
2600,Chd8,ENSMUSG00000053754
2601,Chchd3,ENSMUSG00000053768
2602,Camk2d,ENSMUSG00000053819
2603,Mat2a,ENSMUSG00000053907
2604,Olfr279,ENSMUSG00000054036
2605,A930004D18Rik,ENSMUSG00000054057
2606,Rhob,ENSMUSG00000054364
2607,Mdm4,ENSMUSG00000054387
2608,Sh3bp2,ENSMUSG00000054520
2609,Tmprss11e,ENSMUSG00000054537
2610,Kdm2a,ENSMUSG00000054611
2611,Xlr,ENSMUSG00000054626
2612,Actn4,ENSMUSG00000054808
2613,Nsd3,ENSMUSG00000054823
2614,Atrnl1,ENSMUSG00000054843
2615,Tmem158,ENSMUSG00000054871
2616,Zfp667,ENSMUSG00000054893
2617,Agap1,ENSMUSG00000055013
2618,Nfic,ENSMUSG00000055053
2619,Ankrd17,ENSMUSG00000055204
2620,Kcmf1,ENSMUSG00000055239
2621,Zfp101,ENSMUSG00000055240
2622,Tmem245,ENSMUSG00000055296
2623,Zfp93,ENSMUSG00000055305
2624,Tead1,ENSMUSG00000055320
2625,Tns1,ENSMUSG00000055322
2626,Stam2,ENSMUSG00000055371
2627,Srsf11,ENSMUSG00000055436
2628,Soga1,ENSMUSG00000055485
2629,Epha6,ENSMUSG00000055540
2630,Zfp580,ENSMUSG00000055633
2631,Klhl25,ENSMUSG00000055652
2632,Zzef1,ENSMUSG00000055670
2633,Ghr,ENSMUSG00000055737
2634,Tcf7l1,ENSMUSG00000055799
2635,Izumo4,ENSMUSG00000055862
2636,Per2,ENSMUSG00000055866
2637,Fto,ENSMUSG00000055932
2638,Mia3,ENSMUSG00000056050
2639,Grik2,ENSMUSG00000056073
2640,Cfl1,ENSMUSG00000056201
2641,R3hdm1,ENSMUSG00000056211
2642,Pla2g4a,ENSMUSG00000056220
2643,Usp34,ENSMUSG00000056342
2644,Slit3,ENSMUSG00000056427
2645,Rab31,ENSMUSG00000056515
2646,D17Wsu92e,ENSMUSG00000056692
2647,Ier5,ENSMUSG00000056708
2648,Hmga2,ENSMUSG00000056758
2649,Immp2l,ENSMUSG00000056899
2650,Ebf1,ENSMUSG00000057098
2651,Npm1,ENSMUSG00000057113
2652,Trim12c,ENSMUSG00000057143
2653,5730455P16Rik,ENSMUSG00000057181
2654,Aak1,ENSMUSG00000057230
2655,Arhgap24,ENSMUSG00000057315
2656,Bcl2,ENSMUSG00000057329
2657,Nsd2,ENSMUSG00000057406
2658,Spop,ENSMUSG00000057522
2659,Elobl,ENSMUSG00000057534
2660,1700007G11Rik,ENSMUSG00000057816
2661,Zfp595,ENSMUSG00000057842
2662,Adgrf2,ENSMUSG00000057899
2663,Arhgap35,ENSMUSG00000058230
2664,Cryzl1,ENSMUSG00000058240
2665,Ube2e2,ENSMUSG00000058317
2666,Phf21a,ENSMUSG00000058318
2667,Dock1,ENSMUSG00000058325
2668,Gm2531,ENSMUSG00000058567
2669,Gpc6,ENSMUSG00000058571
2670,Rnf169,ENSMUSG00000058761
2671,Nap1l1,ENSMUSG00000058799
2672,Abi1,ENSMUSG00000058835
2673,Rad51b,ENSMUSG00000059060
2674,Sept9,ENSMUSG00000059248
2675,Usp47,ENSMUSG00000059263
2676,Arhgef12,ENSMUSG00000059495
2677,Eif4a1,ENSMUSG00000059796
2678,Grb2,ENSMUSG00000059923
2679,Zfp74,ENSMUSG00000059975
2680,Rpl3,ENSMUSG00000060036
2681,Slc35e3,ENSMUSG00000060181
2682,Zfp462,ENSMUSG00000060206
2683,Ap2a1,ENSMUSG00000060279
2684,Sycp2,ENSMUSG00000060445
2685,Ifitm2,ENSMUSG00000060591
2686,Layn,ENSMUSG00000060594
2687,Galnt13,ENSMUSG00000060988
2688,Prpf40a,ENSMUSG00000061136
2689,Maml3,ENSMUSG00000061143
2690,Fnip2,ENSMUSG00000061175
2691,Phf5a,ENSMUSG00000061360
2692,Hipk2,ENSMUSG00000061436
2693,Cd2ap,ENSMUSG00000061665
2694,Ext1,ENSMUSG00000061731
2695,Kalrn,ENSMUSG00000061751
2696,Bod1l,ENSMUSG00000061755
2697,Ssbp3,ENSMUSG00000061887
2698,Qk,ENSMUSG00000062078
2699,Lancl2,ENSMUSG00000062190
2700,Gspt1,ENSMUSG00000062203
2701,Rapgef2,ENSMUSG00000062232
2702,Srpk2,ENSMUSG00000062604
2703,Nrg1,ENSMUSG00000062991
2704,Kif1b,ENSMUSG00000063077
2705,Cd300lb,ENSMUSG00000063193
2706,Ldha,ENSMUSG00000063229
2707,Naa15,ENSMUSG00000063273
2708,Stk24,ENSMUSG00000063410
2709,B9d2,ENSMUSG00000063439
2710,Syne2,ENSMUSG00000063450
2711,Snrnp70,ENSMUSG00000063511
2712,Nup98,ENSMUSG00000063550
2713,Ccdc102a,ENSMUSG00000063605
2714,Chd4,ENSMUSG00000063870
2715,Trerf1,ENSMUSG00000064043
2716,Fbln2,ENSMUSG00000064080
2717,Arih2,ENSMUSG00000064145
2718,Ano6,ENSMUSG00000064210
2719,Clasp1,ENSMUSG00000064302
2720,mt-Rnr1,ENSMUSG00000064337
2721,mt-Rnr2,ENSMUSG00000064339
2722,mt-Nd1,ENSMUSG00000064341
2723,mt-Nd2,ENSMUSG00000064345
2724,mt-Co1,ENSMUSG00000064351
2725,mt-Nd4,ENSMUSG00000064363
2726,mt-Nd5,ENSMUSG00000064367
2727,mt-Cytb,ENSMUSG00000064370
2728,Impad1,ENSMUSG00000066324
2729,Akap13,ENSMUSG00000066406
2730,Vkorc1l1,ENSMUSG00000066735
2731,Zbtb6,ENSMUSG00000066798
2732,Fbxl12,ENSMUSG00000066892
2733,Olfr872,ENSMUSG00000066897
2734,Col4a4,ENSMUSG00000067158
2735,Hdac8,ENSMUSG00000067567
2736,Arfgef1,ENSMUSG00000067851
2737,Afdn,ENSMUSG00000068036
2738,Ndufaf2,ENSMUSG00000068184
2739,Col8a1,ENSMUSG00000068196
2740,Lgals1,ENSMUSG00000068220
2741,Cep152,ENSMUSG00000068394
2742,Myadm,ENSMUSG00000068566
2743,Pde7a,ENSMUSG00000069094
2744,Ank3,ENSMUSG00000069601
2745,Arid1b,ENSMUSG00000069729
2746,Zfp820,ENSMUSG00000069743
2747,Msi2,ENSMUSG00000069769
2748,Slfn9,ENSMUSG00000069793
2749,Ahnak,ENSMUSG00000069833
2750,Ccnd1,ENSMUSG00000070348
2751,Serpinh1,ENSMUSG00000070436
2752,9230112E08Rik,ENSMUSG00000070461
2753,Bicra,ENSMUSG00000070808
2754,Zfp213,ENSMUSG00000071256
2755,Setdb2,ENSMUSG00000071350
2756,Rpl23,ENSMUSG00000071415
2757,Dtnb,ENSMUSG00000071454
2758,Zfp777,ENSMUSG00000071477
2759,Gm4952,ENSMUSG00000071633
2760,Mcc,ENSMUSG00000071856
2761,Fndc1,ENSMUSG00000071984
2762,Taf1a,ENSMUSG00000072258
2763,Nanos1,ENSMUSG00000072437
2764,Ahnak2,ENSMUSG00000072812
2765,Noxred1,ENSMUSG00000072919
2766,5031425E22Rik,ENSMUSG00000073147
2767,2500004C02Rik,ENSMUSG00000073236
2768,H2-D1,ENSMUSG00000073411
2769,Wdr90,ENSMUSG00000073434
2770,Pcdhb22,ENSMUSG00000073591
2771,Wdfy1,ENSMUSG00000073643
2772,Nbeal1,ENSMUSG00000073664
2773,B3gnt6,ENSMUSG00000074004
2774,Il4i1,ENSMUSG00000074141
2775,Ceacam1,ENSMUSG00000074272
2776,Peak1,ENSMUSG00000074305
2777,2610203C20Rik,ENSMUSG00000074415
2778,Gm10701,ENSMUSG00000074465
2779,Gm15417,ENSMUSG00000074466
2780,Spc24,ENSMUSG00000074476
2781,Tmem267,ENSMUSG00000074634
2782,Zcchc3,ENSMUSG00000074682
2783,Thbd,ENSMUSG00000074743
2784,Pdzd8,ENSMUSG00000074746
2785,Bhmt,ENSMUSG00000074768
2786,Ranbp6,ENSMUSG00000074909
2787,Olfr1313,ENSMUSG00000074946
2788,Gm10801,ENSMUSG00000075015
2789,Yae1d1,ENSMUSG00000075054
2790,Heg1,ENSMUSG00000075254
2791,Wipf1,ENSMUSG00000075284
2792,Aarsd1,ENSMUSG00000075528
2793,Gm10855,ENSMUSG00000075538
2794,Gm12359,ENSMUSG00000075576
2795,Sox4,ENSMUSG00000076431
2796,Airn,ENSMUSG00000078247
2797,Sarnp,ENSMUSG00000078427
2798,Bnip3,ENSMUSG00000078566
2799,Chd2,ENSMUSG00000078671
2800,Eif5a,ENSMUSG00000078812
2801,Alkbh1,ENSMUSG00000079036
2802,Prl2c2,ENSMUSG00000079092
2803,Tmsb10,ENSMUSG00000079523
2804,Kifc1,ENSMUSG00000079553
2805,Ankrd39,ENSMUSG00000079610
2806,Ulbp1,ENSMUSG00000079685
2807,Klra4,ENSMUSG00000079852
2808,Gm14681,ENSMUSG00000081603
2809,Nap1l2,ENSMUSG00000082229
2810,Gm14623,ENSMUSG00000083249
2811,Gm12577,ENSMUSG00000083834
2812,Gm11251,ENSMUSG00000084162
2813,Gm12295,ENSMUSG00000085162
2814,Gm14963,ENSMUSG00000085196
2815,Nr6a1os,ENSMUSG00000085201
2816,Gm15398,ENSMUSG00000085456
2817,Gm12868,ENSMUSG00000085505
2818,4930526A20Rik,ENSMUSG00000085521
2819,Gm12602,ENSMUSG00000085569
2820,G630018N14Rik,ENSMUSG00000085620
2821,Gm16153,ENSMUSG00000085687
2822,Gm16046,ENSMUSG00000085705
2823,1700019B21Rik,ENSMUSG00000085757
2824,2610307P16Rik,ENSMUSG00000085936
2825,Gm12122,ENSMUSG00000086311
2826,Gm16310,ENSMUSG00000086331
2827,Gt(ROSA)26Sor,ENSMUSG00000086429
2828,4930405A21Rik,ENSMUSG00000086638
2829,9130024F11Rik,ENSMUSG00000087022
2830,A230103J11Rik,ENSMUSG00000087026
2831,Gm11884,ENSMUSG00000087098
2832,AI662270,ENSMUSG00000087107
2833,Gm13710,ENSMUSG00000087362
2834,C430049B03Rik,ENSMUSG00000087365
2835,Gm15592,ENSMUSG00000087389
2836,Gm11186,ENSMUSG00000087668
2837,Gm15283,ENSMUSG00000087700
2838,Gm24959,ENSMUSG00000088549
2839,B230216N24Rik,ENSMUSG00000089706
2840,3632454L22Rik,ENSMUSG00000089759
2841,4732440D04Rik,ENSMUSG00000090031
2842,Olfr1062,ENSMUSG00000090059
2843,AI480526,ENSMUSG00000090086
2844,Churc1,ENSMUSG00000090258
2845,Gm38399,ENSMUSG00000090399
2846,Gm17134,ENSMUSG00000090860
2847,Arf4os,ENSMUSG00000090861
2848,Synj2bp,ENSMUSG00000090935
2849,Yy2,ENSMUSG00000091736
2850,E130317F20Rik,ENSMUSG00000091994
2851,Vmn2r-ps49,ENSMUSG00000092204
2852,Neat1,ENSMUSG00000092274
2853,Malat1,ENSMUSG00000092341
2854,Gm20422,ENSMUSG00000092544
2855,Gm28727,ENSMUSG00000093514
2856,Vmn1r-ps15,ENSMUSG00000093666
2857,Gm20712,ENSMUSG00000093677
2858,Hmgcs1,ENSMUSG00000093930
2859,Gm23402,ENSMUSG00000094394
2860,Purb,ENSMUSG00000094483
2861,Gm3604,ENSMUSG00000094942
2862,Itpripl2,ENSMUSG00000095115
2863,Fignl2,ENSMUSG00000095440
2864,Gm21817,ENSMUSG00000095651
2865,Cmtm4,ENSMUSG00000096188
2866,Gm21992,ENSMUSG00000096370
2867,Zfp781,ENSMUSG00000096718
2868,Psmb9,ENSMUSG00000096727
2869,Lbhd1,ENSMUSG00000096740
2870,Gm26881,ENSMUSG00000096974
2871,D930007P13Rik,ENSMUSG00000097003
2872,Gm26708,ENSMUSG00000097016
2873,Pvt1,ENSMUSG00000097039
2874,2610316D01Rik,ENSMUSG00000097040
2875,1600020E01Rik,ENSMUSG00000097048
2876,1700086O06Rik,ENSMUSG00000097080
2877,9330159M07Rik,ENSMUSG00000097177
2878,Gm26664,ENSMUSG00000097193
2879,Snhg5,ENSMUSG00000097195
2880,Tnfsf12,ENSMUSG00000097328
2881,4732491K20Rik,ENSMUSG00000097350
2882,6720427I07Rik,ENSMUSG00000097375
2883,Gm26785,ENSMUSG00000097390
2884,Gm10489,ENSMUSG00000097444
2885,Gm26582,ENSMUSG00000097479
2886,Gm26652,ENSMUSG00000097497
2887,Gm26538,ENSMUSG00000097507
2888,2610020C07Rik,ENSMUSG00000097537
2889,4930455D15Rik,ENSMUSG00000097553
2890,6230400D17Rik,ENSMUSG00000097577
2891,Gm2115,ENSMUSG00000097789
2892,Gm17259,ENSMUSG00000097793
2893,Gm26603,ENSMUSG00000097857
2894,Gm27021,ENSMUSG00000097919
2895,Gm42418,ENSMUSG00000098178
2896,Gm38706,ENSMUSG00000098212
2897,Atf7,ENSMUSG00000099083
2898,Platr10,ENSMUSG00000099370
2899,A330087D11Rik,ENSMUSG00000100111
2900,Gm28586,ENSMUSG00000100176
2901,Gm29601,ENSMUSG00000100336
2902,2010308F09Rik,ENSMUSG00000100714
2903,Gm28723,ENSMUSG00000101028
2904,Gm28826,ENSMUSG00000101447
2905,Kcnq1ot1,ENSMUSG00000101609
2906,Gm12057:1,ENSMUSG00000101716
2907,1810026B05Rik,ENSMUSG00000101970
2908,Gm38055,ENSMUSG00000102147
2909,Gm36944,ENSMUSG00000102160
2910,Gm37788,ENSMUSG00000102326
2911,Gm38197,ENSMUSG00000102460
2912,Gm38199,ENSMUSG00000102464
2913,Gm38200,ENSMUSG00000102466
2914,Gm37969,ENSMUSG00000102577
2915,Gm37436,ENSMUSG00000102670
2916,Gm37780,ENSMUSG00000102691
2917,Gm37598,ENSMUSG00000102749
2918,Gm37183,ENSMUSG00000102764
2919,5430420F09Rik,ENSMUSG00000102808
2920,Gm38111,ENSMUSG00000102939
2921,Gm37310,ENSMUSG00000103047
2922,Gm37393,ENSMUSG00000103129
2923,Gm38391,ENSMUSG00000103622
2924,Gm37529,ENSMUSG00000103693
2925,Gm38009,ENSMUSG00000103818
2926,Gm37420,ENSMUSG00000103869
2927,Gm37876,ENSMUSG00000104108
2928,Gm37702,ENSMUSG00000104170
2929,Gm37960,ENSMUSG00000104391
2930,Gm37660,ENSMUSG00000104467
2931,Gm42701,ENSMUSG00000104583
2932,Gm42783,ENSMUSG00000104795
2933,Gm43728,ENSMUSG00000104867
2934,Gm42639,ENSMUSG00000104871
2935,A530041M06Rik,ENSMUSG00000104973
2936,Gm42482,ENSMUSG00000105050
2937,Gm43113,ENSMUSG00000105062
2938,Gm43362,ENSMUSG00000105201
2939,Gm3716,ENSMUSG00000105402
2940,Gm43359,ENSMUSG00000105434
2941,Gm43462,ENSMUSG00000105561
2942,Gm43251,ENSMUSG00000105579
2943,Gm42973,ENSMUSG00000105733
2944,Mir703,ENSMUSG00000105814
2945,Gm43256,ENSMUSG00000105818
2946,Gm43466,ENSMUSG00000105824
2947,Gm43258,ENSMUSG00000105846
2948,Gm43628,ENSMUSG00000105935
2949,Gm43360,ENSMUSG00000105970
2950,CT010467.1,ENSMUSG00000106106
2951,Gm43111,ENSMUSG00000106472
2952,Gm43378,ENSMUSG00000106543
2953,Gm20559,ENSMUSG00000106734
2954,Gm43794,ENSMUSG00000106772
2955,Gm42745,ENSMUSG00000106808
2956,Gm42575,ENSMUSG00000106987
2957,Gm43481,ENSMUSG00000107000
2958,6720475M21Rik,ENSMUSG00000107009
2959,Gm42726,ENSMUSG00000107102
2960,Gm43052,ENSMUSG00000107115
2961,4930413E15Rik,ENSMUSG00000107144
2962,Gm42728,ENSMUSG00000107158
2963,Gm44283,ENSMUSG00000107586
2964,Gm34933,ENSMUSG00000107714
2965,Gm44260,ENSMUSG00000107971
2966,Gm43890,ENSMUSG00000108053
2967,9530086O07Rik,ENSMUSG00000108076
2968,Gm44190,ENSMUSG00000108267
2969,Gm44187,ENSMUSG00000108268
2970,Gm44552,ENSMUSG00000108319
2971,Gm44509,ENSMUSG00000108358
2972,Gm45053,ENSMUSG00000108368
2973,Gm32633,ENSMUSG00000108393
2974,Gm32647,ENSMUSG00000108532
2975,E230020D15Rik,ENSMUSG00000108912
2976,Gm45041,ENSMUSG00000109317
2977,Gm44936,ENSMUSG00000109393
2978,Gm44956,ENSMUSG00000109508
2979,Gm18194,ENSMUSG00000109724
2980,Gm45411,ENSMUSG00000110183
2981,B930086L07Rik,ENSMUSG00000110282
2982,Gm35998,ENSMUSG00000110463
2983,Gm45704,ENSMUSG00000110585
2984,Gm45853,ENSMUSG00000110635
2985,AC158630.1,ENSMUSG00000110737
2986,AC131660.2,ENSMUSG00000111598
2987,AC121788.3,ENSMUSG00000112126
2988,AC110043.1,ENSMUSG00000112340
2989,AC108802.1,ENSMUSG00000112358
2990,AC123720.1,ENSMUSG00000112627
2991,AC160060.4,ENSMUSG00000112778
2992,AC156952.1,ENSMUSG00000112816
2993,AC154742.1,ENSMUSG00000113224
2994,CT030140.1,ENSMUSG00000113429
2995,AC121583.1,ENSMUSG00000113701
2996,AC132609.2,ENSMUSG00000113918
2997,AC124732.4,ENSMUSG00000114094
2998,AC158529.1,ENSMUSG00000114198
2999,AC170188.1,ENSMUSG00000114282
